Week,Demand,CropName
2020-10-11,79,Aloe_vera
2020-10-18,78,Aloe_vera
2020-10-25,80,Aloe_vera
2020-11-01,81,Aloe_vera
2020-11-08,74,Aloe_vera
2020-11-15,78,Aloe_vera
2020-11-22,79,Aloe_vera
2020-11-29,79,Aloe_vera
2020-12-06,80,Aloe_vera
2020-12-13,76,Aloe_vera
2020-12-20,73,Aloe_vera
2020-12-27,68,Aloe_vera
2021-01-03,71,Aloe_vera
2021-01-10,67,Aloe_vera
2021-01-17,68,Aloe_vera
2021-01-24,73,Aloe_vera
2021-01-31,79,Aloe_vera
2021-02-07,73,Aloe_vera
2021-02-14,66,Aloe_vera
2021-02-21,74,Aloe_vera
2021-02-28,71,Aloe_vera
2021-03-07,72,Aloe_vera
2021-03-14,78,Aloe_vera
2021-03-21,74,Aloe_vera
2021-03-28,75,Aloe_vera
2021-04-04,75,Aloe_vera
2021-04-11,66,Aloe_vera
2021-04-18,70,Aloe_vera
2021-04-25,71,Aloe_vera
2021-05-02,81,Aloe_vera
2021-05-09,84,Aloe_vera
2021-05-16,85,Aloe_vera
2021-05-23,99,Aloe_vera
2021-05-30,100,Aloe_vera
2021-06-06,92,Aloe_vera
2021-06-13,86,Aloe_vera
2021-06-20,83,Aloe_vera
2021-06-27,84,Aloe_vera
2021-07-04,80,Aloe_vera
2021-07-11,73,Aloe_vera
2021-07-18,70,Aloe_vera
2021-07-25,66,Aloe_vera
2021-08-01,63,Aloe_vera
2021-08-08,61,Aloe_vera
2021-08-15,62,Aloe_vera
2021-08-22,61,Aloe_vera
2021-08-29,60,Aloe_vera
2021-09-05,59,Aloe_vera
2021-09-12,54,Aloe_vera
2021-09-19,60,Aloe_vera
2021-09-26,60,Aloe_vera
2021-10-03,55,Aloe_vera
2021-10-10,59,Aloe_vera
2021-10-17,67,Aloe_vera
2021-10-24,61,Aloe_vera
2021-10-31,54,Aloe_vera
2021-11-07,59,Aloe_vera
2021-11-14,59,Aloe_vera
2021-11-21,57,Aloe_vera
2021-11-28,57,Aloe_vera
2021-12-05,58,Aloe_vera
2021-12-12,57,Aloe_vera
2021-12-19,55,Aloe_vera
2021-12-26,52,Aloe_vera
2022-01-02,59,Aloe_vera
2022-01-09,57,Aloe_vera
2022-01-16,51,Aloe_vera
2022-01-23,59,Aloe_vera
2022-01-30,63,Aloe_vera
2022-02-06,63,Aloe_vera
2022-02-13,78,Aloe_vera
2022-02-20,83,Aloe_vera
2022-02-27,76,Aloe_vera
2022-03-06,76,Aloe_vera
2022-03-13,81,Aloe_vera
2022-03-20,77,Aloe_vera
2022-03-27,71,Aloe_vera
2022-04-03,72,Aloe_vera
2022-04-10,72,Aloe_vera
2022-04-17,73,Aloe_vera
2022-04-24,72,Aloe_vera
2022-05-01,72,Aloe_vera
2022-05-08,71,Aloe_vera
2022-05-15,71,Aloe_vera
2022-05-22,73,Aloe_vera
2022-05-29,75,Aloe_vera
2022-06-05,76,Aloe_vera
2022-06-12,68,Aloe_vera
2022-06-19,73,Aloe_vera
2022-06-26,73,Aloe_vera
2022-07-03,74,Aloe_vera
2022-07-10,67,Aloe_vera
2022-07-17,68,Aloe_vera
2022-07-24,69,Aloe_vera
2022-07-31,69,Aloe_vera
2022-08-07,62,Aloe_vera
2022-08-14,71,Aloe_vera
2022-08-21,73,Aloe_vera
2022-08-28,67,Aloe_vera
2022-09-04,69,Aloe_vera
2022-09-11,71,Aloe_vera
2022-09-18,73,Aloe_vera
2022-09-25,67,Aloe_vera
2022-10-02,69,Aloe_vera
2022-10-09,63,Aloe_vera
2022-10-16,64,Aloe_vera
2022-10-23,69,Aloe_vera
2022-10-30,69,Aloe_vera
2022-11-06,66,Aloe_vera
2022-11-13,74,Aloe_vera
2022-11-20,71,Aloe_vera
2022-11-27,68,Aloe_vera
2022-12-04,65,Aloe_vera
2022-12-11,67,Aloe_vera
2022-12-18,61,Aloe_vera
2022-12-25,67,Aloe_vera
2023-01-01,61,Aloe_vera
2023-01-08,61,Aloe_vera
2023-01-15,63,Aloe_vera
2023-01-22,60,Aloe_vera
2023-01-29,61,Aloe_vera
2023-02-05,67,Aloe_vera
2023-02-12,67,Aloe_vera
2023-02-19,70,Aloe_vera
2023-02-26,71,Aloe_vera
2023-03-05,70,Aloe_vera
2023-03-12,65,Aloe_vera
2023-03-19,63,Aloe_vera
2023-03-26,59,Aloe_vera
2023-04-02,65,Aloe_vera
2023-04-09,71,Aloe_vera
2023-04-16,68,Aloe_vera
2023-04-23,66,Aloe_vera
2023-04-30,60,Aloe_vera
2023-05-07,64,Aloe_vera
2023-05-14,64,Aloe_vera
2023-05-21,66,Aloe_vera
2023-05-28,70,Aloe_vera
2023-06-04,71,Aloe_vera
2023-06-11,73,Aloe_vera
2023-06-18,69,Aloe_vera
2023-06-25,71,Aloe_vera
2023-07-02,70,Aloe_vera
2023-07-09,61,Aloe_vera
2023-07-16,62,Aloe_vera
2023-07-23,60,Aloe_vera
2023-07-30,60,Aloe_vera
2023-08-06,68,Aloe_vera
2023-08-13,67,Aloe_vera
2023-08-20,63,Aloe_vera
2023-08-27,60,Aloe_vera
2023-09-03,61,Aloe_vera
2023-09-10,64,Aloe_vera
2023-09-17,65,Aloe_vera
2023-09-24,63,Aloe_vera
2023-10-01,66,Aloe_vera
2023-10-08,68,Aloe_vera
2023-10-15,65,Aloe_vera
2023-10-22,72,Aloe_vera
2023-10-29,66,Aloe_vera
2023-11-05,61,Aloe_vera
2023-11-12,60,Aloe_vera
2023-11-19,66,Aloe_vera
2023-11-26,67,Aloe_vera
2023-12-03,61,Aloe_vera
2023-12-10,74,Aloe_vera
2023-12-17,61,Aloe_vera
2023-12-24,68,Aloe_vera
2023-12-31,59,Aloe_vera
2024-01-07,58,Aloe_vera
2024-01-14,56,Aloe_vera
2024-01-21,54,Aloe_vera
2024-01-28,55,Aloe_vera
2024-02-04,52,Aloe_vera
2024-02-11,50,Aloe_vera
2024-02-18,53,Aloe_vera
2024-02-25,52,Aloe_vera
2024-03-03,53,Aloe_vera
2024-03-10,58,Aloe_vera
2024-03-17,53,Aloe_vera
2024-03-24,54,Aloe_vera
2024-03-31,54,Aloe_vera
2024-04-07,54,Aloe_vera
2024-04-14,50,Aloe_vera
2024-04-21,52,Aloe_vera
2024-04-28,55,Aloe_vera
2024-05-05,49,Aloe_vera
2024-05-12,49,Aloe_vera
2024-05-19,52,Aloe_vera
2024-05-26,48,Aloe_vera
2024-06-02,44,Aloe_vera
2024-06-09,44,Aloe_vera
2024-06-16,48,Aloe_vera
2024-06-23,51,Aloe_vera
2024-06-30,48,Aloe_vera
2024-07-07,48,Aloe_vera
2024-07-14,46,Aloe_vera
2024-07-21,47,Aloe_vera
2024-07-28,44,Aloe_vera
2024-08-04,43,Aloe_vera
2024-08-11,44,Aloe_vera
2024-08-18,48,Aloe_vera
2024-08-25,47,Aloe_vera
2024-09-01,46,Aloe_vera
2024-09-08,49,Aloe_vera
2024-09-15,47,Aloe_vera
2024-09-22,45,Aloe_vera
2024-09-29,48,Aloe_vera
2024-10-06,47,Aloe_vera
2024-10-13,48,Aloe_vera
2024-10-20,44,Aloe_vera
2024-10-27,47,Aloe_vera
2024-11-03,46,Aloe_vera
2024-11-10,50,Aloe_vera
2024-11-17,49,Aloe_vera
2024-11-24,54,Aloe_vera
2024-12-01,49,Aloe_vera
2024-12-08,48,Aloe_vera
2024-12-15,48,Aloe_vera
2024-12-22,47,Aloe_vera
2024-12-29,44,Aloe_vera
2025-01-05,43,Aloe_vera
2025-01-12,42,Aloe_vera
2025-01-19,43,Aloe_vera
2025-01-26,48,Aloe_vera
2025-02-02,51,Aloe_vera
2025-02-09,46,Aloe_vera
2025-02-16,47,Aloe_vera
2025-02-23,45,Aloe_vera
2025-03-02,47,Aloe_vera
2025-03-09,48,Aloe_vera
2025-03-16,47,Aloe_vera
2025-03-23,46,Aloe_vera
2025-03-30,47,Aloe_vera
2025-04-06,46,Aloe_vera
2025-04-13,50,Aloe_vera
2025-04-20,48,Aloe_vera
2025-04-27,46,Aloe_vera
2025-05-04,47,Aloe_vera
2025-05-11,45,Aloe_vera
2025-05-18,46,Aloe_vera
2025-05-25,43,Aloe_vera
2025-06-01,47,Aloe_vera
2025-06-08,47,Aloe_vera
2025-06-15,48,Aloe_vera
2025-06-22,45,Aloe_vera
2025-06-29,45,Aloe_vera
2025-07-06,45,Aloe_vera
2025-07-13,44,Aloe_vera
2025-07-20,43,Aloe_vera
2025-07-27,42,Aloe_vera
2025-08-03,45,Aloe_vera
2025-08-10,44,Aloe_vera
2025-08-17,44,Aloe_vera
2025-08-24,46,Aloe_vera
2025-08-31,44,Aloe_vera
2025-09-07,45,Aloe_vera
2025-09-14,40,Aloe_vera
2025-09-21,43,Aloe_vera
2025-09-28,44,Aloe_vera
2025-10-05,49,Aloe_vera
2025-10-12,51,Aloe_vera
2020-10-11,100,Apple
2020-10-18,69,Apple
2020-10-25,63,Apple
2020-11-01,58,Apple
2020-11-08,63,Apple
2020-11-15,60,Apple
2020-11-22,55,Apple
2020-11-29,51,Apple
2020-12-06,54,Apple
2020-12-13,53,Apple
2020-12-20,52,Apple
2020-12-27,48,Apple
2021-01-03,49,Apple
2021-01-10,50,Apple
2021-01-17,52,Apple
2021-01-24,53,Apple
2021-01-31,47,Apple
2021-02-07,48,Apple
2021-02-14,46,Apple
2021-02-21,45,Apple
2021-02-28,47,Apple
2021-03-07,46,Apple
2021-03-14,46,Apple
2021-03-21,49,Apple
2021-03-28,48,Apple
2021-04-04,46,Apple
2021-04-11,47,Apple
2021-04-18,53,Apple
2021-04-25,47,Apple
2021-05-02,50,Apple
2021-05-09,49,Apple
2021-05-16,51,Apple
2021-05-23,52,Apple
2021-05-30,55,Apple
2021-06-06,59,Apple
2021-06-13,53,Apple
2021-06-20,51,Apple
2021-06-27,50,Apple
2021-07-04,54,Apple
2021-07-11,52,Apple
2021-07-18,53,Apple
2021-07-25,49,Apple
2021-08-01,49,Apple
2021-08-08,49,Apple
2021-08-15,49,Apple
2021-08-22,51,Apple
2021-08-29,48,Apple
2021-09-05,52,Apple
2021-09-12,84,Apple
2021-09-19,59,Apple
2021-09-26,57,Apple
2021-10-03,66,Apple
2021-10-10,55,Apple
2021-10-17,61,Apple
2021-10-24,52,Apple
2021-10-31,50,Apple
2021-11-07,50,Apple
2021-11-14,49,Apple
2021-11-21,49,Apple
2021-11-28,45,Apple
2021-12-05,49,Apple
2021-12-12,50,Apple
2021-12-19,48,Apple
2021-12-26,46,Apple
2022-01-02,55,Apple
2022-01-09,52,Apple
2022-01-16,51,Apple
2022-01-23,53,Apple
2022-01-30,56,Apple
2022-02-06,52,Apple
2022-02-13,56,Apple
2022-02-20,56,Apple
2022-02-27,57,Apple
2022-03-06,65,Apple
2022-03-13,56,Apple
2022-03-20,53,Apple
2022-03-27,49,Apple
2022-04-03,49,Apple
2022-04-10,47,Apple
2022-04-17,47,Apple
2022-04-24,54,Apple
2022-05-01,51,Apple
2022-05-08,50,Apple
2022-05-15,50,Apple
2022-05-22,49,Apple
2022-05-29,51,Apple
2022-06-05,57,Apple
2022-06-12,52,Apple
2022-06-19,54,Apple
2022-06-26,51,Apple
2022-07-03,52,Apple
2022-07-10,51,Apple
2022-07-17,54,Apple
2022-07-24,50,Apple
2022-07-31,53,Apple
2022-08-07,56,Apple
2022-08-14,54,Apple
2022-08-21,56,Apple
2022-08-28,55,Apple
2022-09-04,84,Apple
2022-09-11,71,Apple
2022-09-18,75,Apple
2022-09-25,76,Apple
2022-10-02,63,Apple
2022-10-09,61,Apple
2022-10-16,61,Apple
2022-10-23,60,Apple
2022-10-30,55,Apple
2022-11-06,54,Apple
2022-11-13,55,Apple
2022-11-20,54,Apple
2022-11-27,55,Apple
2022-12-04,52,Apple
2022-12-11,51,Apple
2022-12-18,54,Apple
2022-12-25,56,Apple
2023-01-01,53,Apple
2023-01-08,52,Apple
2023-01-15,53,Apple
2023-01-22,53,Apple
2023-01-29,52,Apple
2023-02-05,50,Apple
2023-02-12,50,Apple
2023-02-19,51,Apple
2023-02-26,47,Apple
2023-03-05,54,Apple
2023-03-12,47,Apple
2023-03-19,48,Apple
2023-03-26,47,Apple
2023-04-02,48,Apple
2023-04-09,49,Apple
2023-04-16,62,Apple
2023-04-23,51,Apple
2023-04-30,50,Apple
2023-05-07,51,Apple
2023-05-14,47,Apple
2023-05-21,49,Apple
2023-05-28,49,Apple
2023-06-04,64,Apple
2023-06-11,57,Apple
2023-06-18,55,Apple
2023-06-25,54,Apple
2023-07-02,54,Apple
2023-07-09,55,Apple
2023-07-16,51,Apple
2023-07-23,51,Apple
2023-07-30,53,Apple
2023-08-06,54,Apple
2023-08-13,54,Apple
2023-08-20,52,Apple
2023-08-27,50,Apple
2023-09-03,50,Apple
2023-09-10,87,Apple
2023-09-17,66,Apple
2023-09-24,60,Apple
2023-10-01,64,Apple
2023-10-08,66,Apple
2023-10-15,55,Apple
2023-10-22,51,Apple
2023-10-29,53,Apple
2023-11-05,50,Apple
2023-11-12,48,Apple
2023-11-19,51,Apple
2023-11-26,47,Apple
2023-12-03,46,Apple
2023-12-10,49,Apple
2023-12-17,50,Apple
2023-12-24,48,Apple
2023-12-31,48,Apple
2024-01-07,49,Apple
2024-01-14,49,Apple
2024-01-21,45,Apple
2024-01-28,54,Apple
2024-02-04,58,Apple
2024-02-11,52,Apple
2024-02-18,49,Apple
2024-02-25,50,Apple
2024-03-03,50,Apple
2024-03-10,52,Apple
2024-03-17,50,Apple
2024-03-24,51,Apple
2024-03-31,50,Apple
2024-04-07,49,Apple
2024-04-14,47,Apple
2024-04-21,48,Apple
2024-04-28,52,Apple
2024-05-05,59,Apple
2024-05-12,51,Apple
2024-05-19,52,Apple
2024-05-26,50,Apple
2024-06-02,45,Apple
2024-06-09,57,Apple
2024-06-16,56,Apple
2024-06-23,53,Apple
2024-06-30,50,Apple
2024-07-07,50,Apple
2024-07-14,52,Apple
2024-07-21,53,Apple
2024-07-28,51,Apple
2024-08-04,51,Apple
2024-08-11,51,Apple
2024-08-18,51,Apple
2024-08-25,52,Apple
2024-09-01,55,Apple
2024-09-08,97,Apple
2024-09-15,72,Apple
2024-09-22,82,Apple
2024-09-29,76,Apple
2024-10-06,64,Apple
2024-10-13,57,Apple
2024-10-20,56,Apple
2024-10-27,65,Apple
2024-11-03,56,Apple
2024-11-10,53,Apple
2024-11-17,56,Apple
2024-11-24,55,Apple
2024-12-01,56,Apple
2024-12-08,58,Apple
2024-12-15,55,Apple
2024-12-22,54,Apple
2024-12-29,53,Apple
2025-01-05,56,Apple
2025-01-12,54,Apple
2025-01-19,54,Apple
2025-01-26,55,Apple
2025-02-02,51,Apple
2025-02-09,49,Apple
2025-02-16,58,Apple
2025-02-23,50,Apple
2025-03-02,52,Apple
2025-03-09,55,Apple
2025-03-16,50,Apple
2025-03-23,45,Apple
2025-03-30,47,Apple
2025-04-06,48,Apple
2025-04-13,47,Apple
2025-04-20,44,Apple
2025-04-27,46,Apple
2025-05-04,43,Apple
2025-05-11,52,Apple
2025-05-18,49,Apple
2025-05-25,46,Apple
2025-06-01,49,Apple
2025-06-08,61,Apple
2025-06-15,51,Apple
2025-06-22,51,Apple
2025-06-29,52,Apple
2025-07-06,53,Apple
2025-07-13,55,Apple
2025-07-20,52,Apple
2025-07-27,49,Apple
2025-08-03,55,Apple
2025-08-10,53,Apple
2025-08-17,53,Apple
2025-08-24,57,Apple
2025-08-31,61,Apple
2025-09-07,93,Apple
2025-09-14,67,Apple
2025-09-21,85,Apple
2025-09-28,64,Apple
2025-10-05,60,Apple
2025-10-12,59,Apple
2020-10-11,78,Ashwagandha
2020-10-18,71,Ashwagandha
2020-10-25,70,Ashwagandha
2020-11-01,70,Ashwagandha
2020-11-08,66,Ashwagandha
2020-11-15,79,Ashwagandha
2020-11-22,73,Ashwagandha
2020-11-29,74,Ashwagandha
2020-12-06,73,Ashwagandha
2020-12-13,71,Ashwagandha
2020-12-20,71,Ashwagandha
2020-12-27,71,Ashwagandha
2021-01-03,80,Ashwagandha
2021-01-10,74,Ashwagandha
2021-01-17,72,Ashwagandha
2021-01-24,74,Ashwagandha
2021-01-31,71,Ashwagandha
2021-02-07,68,Ashwagandha
2021-02-14,73,Ashwagandha
2021-02-21,77,Ashwagandha
2021-02-28,72,Ashwagandha
2021-03-07,69,Ashwagandha
2021-03-14,68,Ashwagandha
2021-03-21,72,Ashwagandha
2021-03-28,71,Ashwagandha
2021-04-04,70,Ashwagandha
2021-04-11,75,Ashwagandha
2021-04-18,84,Ashwagandha
2021-04-25,83,Ashwagandha
2021-05-02,98,Ashwagandha
2021-05-09,100,Ashwagandha
2021-05-16,95,Ashwagandha
2021-05-23,100,Ashwagandha
2021-05-30,99,Ashwagandha
2021-06-06,87,Ashwagandha
2021-06-13,81,Ashwagandha
2021-06-20,84,Ashwagandha
2021-06-27,81,Ashwagandha
2021-07-04,78,Ashwagandha
2021-07-11,71,Ashwagandha
2021-07-18,68,Ashwagandha
2021-07-25,68,Ashwagandha
2021-08-01,83,Ashwagandha
2021-08-08,71,Ashwagandha
2021-08-15,69,Ashwagandha
2021-08-22,72,Ashwagandha
2021-08-29,68,Ashwagandha
2021-09-05,65,Ashwagandha
2021-09-12,70,Ashwagandha
2021-09-19,61,Ashwagandha
2021-09-26,60,Ashwagandha
2021-10-03,55,Ashwagandha
2021-10-10,60,Ashwagandha
2021-10-17,63,Ashwagandha
2021-10-24,58,Ashwagandha
2021-10-31,51,Ashwagandha
2021-11-07,69,Ashwagandha
2021-11-14,70,Ashwagandha
2021-11-21,63,Ashwagandha
2021-11-28,66,Ashwagandha
2021-12-05,64,Ashwagandha
2021-12-12,66,Ashwagandha
2021-12-19,61,Ashwagandha
2021-12-26,62,Ashwagandha
2022-01-02,72,Ashwagandha
2022-01-09,68,Ashwagandha
2022-01-16,63,Ashwagandha
2022-01-23,73,Ashwagandha
2022-01-30,69,Ashwagandha
2022-02-06,70,Ashwagandha
2022-02-13,72,Ashwagandha
2022-02-20,74,Ashwagandha
2022-02-27,69,Ashwagandha
2022-03-06,65,Ashwagandha
2022-03-13,67,Ashwagandha
2022-03-20,70,Ashwagandha
2022-03-27,60,Ashwagandha
2022-04-03,59,Ashwagandha
2022-04-10,57,Ashwagandha
2022-04-17,64,Ashwagandha
2022-04-24,65,Ashwagandha
2022-05-01,60,Ashwagandha
2022-05-08,58,Ashwagandha
2022-05-15,66,Ashwagandha
2022-05-22,68,Ashwagandha
2022-05-29,67,Ashwagandha
2022-06-05,63,Ashwagandha
2022-06-12,65,Ashwagandha
2022-06-19,92,Ashwagandha
2022-06-26,75,Ashwagandha
2022-07-03,69,Ashwagandha
2022-07-10,73,Ashwagandha
2022-07-17,65,Ashwagandha
2022-07-24,65,Ashwagandha
2022-07-31,66,Ashwagandha
2022-08-07,63,Ashwagandha
2022-08-14,68,Ashwagandha
2022-08-21,72,Ashwagandha
2022-08-28,63,Ashwagandha
2022-09-04,69,Ashwagandha
2022-09-11,72,Ashwagandha
2022-09-18,79,Ashwagandha
2022-09-25,76,Ashwagandha
2022-10-02,75,Ashwagandha
2022-10-09,78,Ashwagandha
2022-10-16,76,Ashwagandha
2022-10-23,67,Ashwagandha
2022-10-30,78,Ashwagandha
2022-11-06,74,Ashwagandha
2022-11-13,84,Ashwagandha
2022-11-20,73,Ashwagandha
2022-11-27,78,Ashwagandha
2022-12-04,72,Ashwagandha
2022-12-11,80,Ashwagandha
2022-12-18,77,Ashwagandha
2022-12-25,75,Ashwagandha
2023-01-01,75,Ashwagandha
2023-01-08,75,Ashwagandha
2023-01-15,77,Ashwagandha
2023-01-22,75,Ashwagandha
2023-01-29,88,Ashwagandha
2023-02-05,82,Ashwagandha
2023-02-12,84,Ashwagandha
2023-02-19,95,Ashwagandha
2023-02-26,87,Ashwagandha
2023-03-05,84,Ashwagandha
2023-03-12,94,Ashwagandha
2023-03-19,92,Ashwagandha
2023-03-26,88,Ashwagandha
2023-04-02,78,Ashwagandha
2023-04-09,85,Ashwagandha
2023-04-16,73,Ashwagandha
2023-04-23,75,Ashwagandha
2023-04-30,71,Ashwagandha
2023-05-07,70,Ashwagandha
2023-05-14,67,Ashwagandha
2023-05-21,70,Ashwagandha
2023-05-28,71,Ashwagandha
2023-06-04,76,Ashwagandha
2023-06-11,77,Ashwagandha
2023-06-18,75,Ashwagandha
2023-06-25,72,Ashwagandha
2023-07-02,78,Ashwagandha
2023-07-09,74,Ashwagandha
2023-07-16,73,Ashwagandha
2023-07-23,67,Ashwagandha
2023-07-30,76,Ashwagandha
2023-08-06,72,Ashwagandha
2023-08-13,82,Ashwagandha
2023-08-20,75,Ashwagandha
2023-08-27,70,Ashwagandha
2023-09-03,72,Ashwagandha
2023-09-10,68,Ashwagandha
2023-09-17,70,Ashwagandha
2023-09-24,74,Ashwagandha
2023-10-01,79,Ashwagandha
2023-10-08,64,Ashwagandha
2023-10-15,67,Ashwagandha
2023-10-22,69,Ashwagandha
2023-10-29,75,Ashwagandha
2023-11-05,67,Ashwagandha
2023-11-12,75,Ashwagandha
2023-11-19,80,Ashwagandha
2023-11-26,84,Ashwagandha
2023-12-03,87,Ashwagandha
2023-12-10,78,Ashwagandha
2023-12-17,72,Ashwagandha
2023-12-24,72,Ashwagandha
2023-12-31,73,Ashwagandha
2024-01-07,77,Ashwagandha
2024-01-14,75,Ashwagandha
2024-01-21,70,Ashwagandha
2024-01-28,72,Ashwagandha
2024-02-04,75,Ashwagandha
2024-02-11,68,Ashwagandha
2024-02-18,74,Ashwagandha
2024-02-25,71,Ashwagandha
2024-03-03,68,Ashwagandha
2024-03-10,69,Ashwagandha
2024-03-17,73,Ashwagandha
2024-03-24,65,Ashwagandha
2024-03-31,64,Ashwagandha
2024-04-07,66,Ashwagandha
2024-04-14,68,Ashwagandha
2024-04-21,63,Ashwagandha
2024-04-28,64,Ashwagandha
2024-05-05,62,Ashwagandha
2024-05-12,59,Ashwagandha
2024-05-19,60,Ashwagandha
2024-05-26,58,Ashwagandha
2024-06-02,55,Ashwagandha
2024-06-09,60,Ashwagandha
2024-06-16,61,Ashwagandha
2024-06-23,66,Ashwagandha
2024-06-30,67,Ashwagandha
2024-07-07,67,Ashwagandha
2024-07-14,67,Ashwagandha
2024-07-21,64,Ashwagandha
2024-07-28,64,Ashwagandha
2024-08-04,63,Ashwagandha
2024-08-11,70,Ashwagandha
2024-08-18,82,Ashwagandha
2024-08-25,74,Ashwagandha
2024-09-01,77,Ashwagandha
2024-09-08,76,Ashwagandha
2024-09-15,78,Ashwagandha
2024-09-22,71,Ashwagandha
2024-09-29,65,Ashwagandha
2024-10-06,62,Ashwagandha
2024-10-13,64,Ashwagandha
2024-10-20,65,Ashwagandha
2024-10-27,57,Ashwagandha
2024-11-03,66,Ashwagandha
2024-11-10,69,Ashwagandha
2024-11-17,68,Ashwagandha
2024-11-24,66,Ashwagandha
2024-12-01,65,Ashwagandha
2024-12-08,63,Ashwagandha
2024-12-15,63,Ashwagandha
2024-12-22,64,Ashwagandha
2024-12-29,64,Ashwagandha
2025-01-05,65,Ashwagandha
2025-01-12,67,Ashwagandha
2025-01-19,70,Ashwagandha
2025-01-26,72,Ashwagandha
2025-02-02,69,Ashwagandha
2025-02-09,66,Ashwagandha
2025-02-16,65,Ashwagandha
2025-02-23,61,Ashwagandha
2025-03-02,66,Ashwagandha
2025-03-09,67,Ashwagandha
2025-03-16,69,Ashwagandha
2025-03-23,61,Ashwagandha
2025-03-30,64,Ashwagandha
2025-04-06,61,Ashwagandha
2025-04-13,64,Ashwagandha
2025-04-20,65,Ashwagandha
2025-04-27,64,Ashwagandha
2025-05-04,56,Ashwagandha
2025-05-11,67,Ashwagandha
2025-05-18,63,Ashwagandha
2025-05-25,62,Ashwagandha
2025-06-01,66,Ashwagandha
2025-06-08,65,Ashwagandha
2025-06-15,62,Ashwagandha
2025-06-22,63,Ashwagandha
2025-06-29,67,Ashwagandha
2025-07-06,69,Ashwagandha
2025-07-13,80,Ashwagandha
2025-07-20,65,Ashwagandha
2025-07-27,69,Ashwagandha
2025-08-03,70,Ashwagandha
2025-08-10,76,Ashwagandha
2025-08-17,72,Ashwagandha
2025-08-24,74,Ashwagandha
2025-08-31,72,Ashwagandha
2025-09-07,69,Ashwagandha
2025-09-14,66,Ashwagandha
2025-09-21,61,Ashwagandha
2025-09-28,57,Ashwagandha
2025-10-05,68,Ashwagandha
2025-10-12,65,Ashwagandha
2020-10-11,62,Bajra
2020-10-18,54,Bajra
2020-10-25,57,Bajra
2020-11-01,58,Bajra
2020-11-08,54,Bajra
2020-11-15,60,Bajra
2020-11-22,62,Bajra
2020-11-29,73,Bajra
2020-12-06,75,Bajra
2020-12-13,73,Bajra
2020-12-20,71,Bajra
2020-12-27,64,Bajra
2021-01-03,72,Bajra
2021-01-10,76,Bajra
2021-01-17,60,Bajra
2021-01-24,63,Bajra
2021-01-31,63,Bajra
2021-02-07,59,Bajra
2021-02-14,56,Bajra
2021-02-21,56,Bajra
2021-02-28,57,Bajra
2021-03-07,56,Bajra
2021-03-14,53,Bajra
2021-03-21,44,Bajra
2021-03-28,42,Bajra
2021-04-04,48,Bajra
2021-04-11,41,Bajra
2021-04-18,38,Bajra
2021-04-25,36,Bajra
2021-05-02,40,Bajra
2021-05-09,45,Bajra
2021-05-16,52,Bajra
2021-05-23,61,Bajra
2021-05-30,53,Bajra
2021-06-06,52,Bajra
2021-06-13,55,Bajra
2021-06-20,49,Bajra
2021-06-27,49,Bajra
2021-07-04,51,Bajra
2021-07-11,54,Bajra
2021-07-18,50,Bajra
2021-07-25,59,Bajra
2021-08-01,53,Bajra
2021-08-08,50,Bajra
2021-08-15,47,Bajra
2021-08-22,42,Bajra
2021-08-29,50,Bajra
2021-09-05,46,Bajra
2021-09-12,50,Bajra
2021-09-19,48,Bajra
2021-09-26,56,Bajra
2021-10-03,54,Bajra
2021-10-10,54,Bajra
2021-10-17,55,Bajra
2021-10-24,54,Bajra
2021-10-31,43,Bajra
2021-11-07,56,Bajra
2021-11-14,60,Bajra
2021-11-21,67,Bajra
2021-11-28,68,Bajra
2021-12-05,61,Bajra
2021-12-12,62,Bajra
2021-12-19,64,Bajra
2021-12-26,51,Bajra
2022-01-02,74,Bajra
2022-01-09,74,Bajra
2022-01-16,59,Bajra
2022-01-23,63,Bajra
2022-01-30,64,Bajra
2022-02-06,57,Bajra
2022-02-13,60,Bajra
2022-02-20,64,Bajra
2022-02-27,57,Bajra
2022-03-06,59,Bajra
2022-03-13,45,Bajra
2022-03-20,49,Bajra
2022-03-27,44,Bajra
2022-04-03,45,Bajra
2022-04-10,38,Bajra
2022-04-17,44,Bajra
2022-04-24,41,Bajra
2022-05-01,37,Bajra
2022-05-08,38,Bajra
2022-05-15,38,Bajra
2022-05-22,46,Bajra
2022-05-29,40,Bajra
2022-06-05,43,Bajra
2022-06-12,51,Bajra
2022-06-19,71,Bajra
2022-06-26,55,Bajra
2022-07-03,57,Bajra
2022-07-10,49,Bajra
2022-07-17,51,Bajra
2022-07-24,48,Bajra
2022-07-31,45,Bajra
2022-08-07,43,Bajra
2022-08-14,45,Bajra
2022-08-21,53,Bajra
2022-08-28,45,Bajra
2022-09-04,55,Bajra
2022-09-11,68,Bajra
2022-09-18,73,Bajra
2022-09-25,69,Bajra
2022-10-02,68,Bajra
2022-10-09,65,Bajra
2022-10-16,55,Bajra
2022-10-23,51,Bajra
2022-10-30,53,Bajra
2022-11-06,63,Bajra
2022-11-13,71,Bajra
2022-11-20,71,Bajra
2022-11-27,68,Bajra
2022-12-04,62,Bajra
2022-12-11,65,Bajra
2022-12-18,77,Bajra
2022-12-25,69,Bajra
2023-01-01,74,Bajra
2023-01-08,78,Bajra
2023-01-15,70,Bajra
2023-01-22,66,Bajra
2023-01-29,72,Bajra
2023-02-05,62,Bajra
2023-02-12,63,Bajra
2023-02-19,59,Bajra
2023-02-26,55,Bajra
2023-03-05,48,Bajra
2023-03-12,56,Bajra
2023-03-19,52,Bajra
2023-03-26,51,Bajra
2023-04-02,48,Bajra
2023-04-09,49,Bajra
2023-04-16,56,Bajra
2023-04-23,44,Bajra
2023-04-30,42,Bajra
2023-05-07,44,Bajra
2023-05-14,44,Bajra
2023-05-21,51,Bajra
2023-05-28,59,Bajra
2023-06-04,56,Bajra
2023-06-11,59,Bajra
2023-06-18,72,Bajra
2023-06-25,71,Bajra
2023-07-02,65,Bajra
2023-07-09,57,Bajra
2023-07-16,57,Bajra
2023-07-23,57,Bajra
2023-07-30,56,Bajra
2023-08-06,59,Bajra
2023-08-13,58,Bajra
2023-08-20,57,Bajra
2023-08-27,56,Bajra
2023-09-03,64,Bajra
2023-09-10,70,Bajra
2023-09-17,72,Bajra
2023-09-24,70,Bajra
2023-10-01,70,Bajra
2023-10-08,65,Bajra
2023-10-15,63,Bajra
2023-10-22,59,Bajra
2023-10-29,64,Bajra
2023-11-05,59,Bajra
2023-11-12,64,Bajra
2023-11-19,80,Bajra
2023-11-26,86,Bajra
2023-12-03,82,Bajra
2023-12-10,93,Bajra
2023-12-17,87,Bajra
2023-12-24,81,Bajra
2023-12-31,78,Bajra
2024-01-07,88,Bajra
2024-01-14,78,Bajra
2024-01-21,74,Bajra
2024-01-28,74,Bajra
2024-02-04,73,Bajra
2024-02-11,60,Bajra
2024-02-18,68,Bajra
2024-02-25,65,Bajra
2024-03-03,62,Bajra
2024-03-10,55,Bajra
2024-03-17,56,Bajra
2024-03-24,49,Bajra
2024-03-31,50,Bajra
2024-04-07,48,Bajra
2024-04-14,47,Bajra
2024-04-21,44,Bajra
2024-04-28,44,Bajra
2024-05-05,45,Bajra
2024-05-12,43,Bajra
2024-05-19,45,Bajra
2024-05-26,47,Bajra
2024-06-02,42,Bajra
2024-06-09,49,Bajra
2024-06-16,54,Bajra
2024-06-23,64,Bajra
2024-06-30,65,Bajra
2024-07-07,56,Bajra
2024-07-14,56,Bajra
2024-07-21,55,Bajra
2024-07-28,54,Bajra
2024-08-04,52,Bajra
2024-08-11,55,Bajra
2024-08-18,56,Bajra
2024-08-25,61,Bajra
2024-09-01,61,Bajra
2024-09-08,60,Bajra
2024-09-15,68,Bajra
2024-09-22,73,Bajra
2024-09-29,71,Bajra
2024-10-06,62,Bajra
2024-10-13,67,Bajra
2024-10-20,66,Bajra
2024-10-27,54,Bajra
2024-11-03,67,Bajra
2024-11-10,68,Bajra
2024-11-17,79,Bajra
2024-11-24,88,Bajra
2024-12-01,89,Bajra
2024-12-08,88,Bajra
2024-12-15,88,Bajra
2024-12-22,85,Bajra
2024-12-29,78,Bajra
2025-01-05,100,Bajra
2025-01-12,86,Bajra
2025-01-19,80,Bajra
2025-01-26,70,Bajra
2025-02-02,67,Bajra
2025-02-09,59,Bajra
2025-02-16,61,Bajra
2025-02-23,54,Bajra
2025-03-02,53,Bajra
2025-03-09,54,Bajra
2025-03-16,57,Bajra
2025-03-23,47,Bajra
2025-03-30,47,Bajra
2025-04-06,48,Bajra
2025-04-13,46,Bajra
2025-04-20,48,Bajra
2025-04-27,50,Bajra
2025-05-04,40,Bajra
2025-05-11,44,Bajra
2025-05-18,47,Bajra
2025-05-25,55,Bajra
2025-06-01,62,Bajra
2025-06-08,56,Bajra
2025-06-15,76,Bajra
2025-06-22,64,Bajra
2025-06-29,63,Bajra
2025-07-06,63,Bajra
2025-07-13,62,Bajra
2025-07-20,60,Bajra
2025-07-27,59,Bajra
2025-08-03,53,Bajra
2025-08-10,59,Bajra
2025-08-17,64,Bajra
2025-08-24,60,Bajra
2025-08-31,62,Bajra
2025-09-07,67,Bajra
2025-09-14,70,Bajra
2025-09-21,67,Bajra
2025-09-28,64,Bajra
2025-10-05,69,Bajra
2025-10-12,73,Bajra
2020-10-11,31,Banana
2020-10-18,30,Banana
2020-10-25,29,Banana
2020-11-01,28,Banana
2020-11-08,31,Banana
2020-11-15,30,Banana
2020-11-22,29,Banana
2020-11-29,27,Banana
2020-12-06,28,Banana
2020-12-13,29,Banana
2020-12-20,30,Banana
2020-12-27,27,Banana
2021-01-03,29,Banana
2021-01-10,27,Banana
2021-01-17,27,Banana
2021-01-24,28,Banana
2021-01-31,26,Banana
2021-02-07,28,Banana
2021-02-14,28,Banana
2021-02-21,30,Banana
2021-02-28,29,Banana
2021-03-07,30,Banana
2021-03-14,29,Banana
2021-03-21,31,Banana
2021-03-28,27,Banana
2021-04-04,26,Banana
2021-04-11,30,Banana
2021-04-18,30,Banana
2021-04-25,27,Banana
2021-05-02,30,Banana
2021-05-09,32,Banana
2021-05-16,31,Banana
2021-05-23,33,Banana
2021-05-30,31,Banana
2021-06-06,31,Banana
2021-06-13,29,Banana
2021-06-20,28,Banana
2021-06-27,31,Banana
2021-07-04,30,Banana
2021-07-11,29,Banana
2021-07-18,27,Banana
2021-07-25,28,Banana
2021-08-01,27,Banana
2021-08-08,27,Banana
2021-08-15,28,Banana
2021-08-22,28,Banana
2021-08-29,28,Banana
2021-09-05,27,Banana
2021-09-12,28,Banana
2021-09-19,26,Banana
2021-09-26,25,Banana
2021-10-03,25,Banana
2021-10-10,24,Banana
2021-10-17,26,Banana
2021-10-24,24,Banana
2021-10-31,23,Banana
2021-11-07,23,Banana
2021-11-14,24,Banana
2021-11-21,24,Banana
2021-11-28,23,Banana
2021-12-05,24,Banana
2021-12-12,24,Banana
2021-12-19,25,Banana
2021-12-26,24,Banana
2022-01-02,33,Banana
2022-01-09,34,Banana
2022-01-16,29,Banana
2022-01-23,31,Banana
2022-01-30,34,Banana
2022-02-06,32,Banana
2022-02-13,34,Banana
2022-02-20,36,Banana
2022-02-27,36,Banana
2022-03-06,36,Banana
2022-03-13,35,Banana
2022-03-20,35,Banana
2022-03-27,33,Banana
2022-04-03,35,Banana
2022-04-10,33,Banana
2022-04-17,34,Banana
2022-04-24,34,Banana
2022-05-01,32,Banana
2022-05-08,32,Banana
2022-05-15,33,Banana
2022-05-22,33,Banana
2022-05-29,33,Banana
2022-06-05,34,Banana
2022-06-12,33,Banana
2022-06-19,36,Banana
2022-06-26,34,Banana
2022-07-03,34,Banana
2022-07-10,33,Banana
2022-07-17,34,Banana
2022-07-24,35,Banana
2022-07-31,37,Banana
2022-08-07,35,Banana
2022-08-14,36,Banana
2022-08-21,37,Banana
2022-08-28,38,Banana
2022-09-04,36,Banana
2022-09-11,37,Banana
2022-09-18,36,Banana
2022-09-25,36,Banana
2022-10-02,35,Banana
2022-10-09,35,Banana
2022-10-16,33,Banana
2022-10-23,32,Banana
2022-10-30,33,Banana
2022-11-06,33,Banana
2022-11-13,32,Banana
2022-11-20,30,Banana
2022-11-27,30,Banana
2022-12-04,28,Banana
2022-12-11,29,Banana
2022-12-18,31,Banana
2022-12-25,29,Banana
2023-01-01,28,Banana
2023-01-08,28,Banana
2023-01-15,27,Banana
2023-01-22,28,Banana
2023-01-29,27,Banana
2023-02-05,29,Banana
2023-02-12,28,Banana
2023-02-19,29,Banana
2023-02-26,32,Banana
2023-03-05,28,Banana
2023-03-12,30,Banana
2023-03-19,30,Banana
2023-03-26,29,Banana
2023-04-02,28,Banana
2023-04-09,31,Banana
2023-04-16,29,Banana
2023-04-23,29,Banana
2023-04-30,28,Banana
2023-05-07,28,Banana
2023-05-14,27,Banana
2023-05-21,27,Banana
2023-05-28,29,Banana
2023-06-04,30,Banana
2023-06-11,31,Banana
2023-06-18,30,Banana
2023-06-25,31,Banana
2023-07-02,32,Banana
2023-07-09,26,Banana
2023-07-16,25,Banana
2023-07-23,27,Banana
2023-07-30,27,Banana
2023-08-06,26,Banana
2023-08-13,26,Banana
2023-08-20,29,Banana
2023-08-27,26,Banana
2023-09-03,27,Banana
2023-09-10,27,Banana
2023-09-17,28,Banana
2023-09-24,26,Banana
2023-10-01,26,Banana
2023-10-08,24,Banana
2023-10-15,24,Banana
2023-10-22,24,Banana
2023-10-29,23,Banana
2023-11-05,23,Banana
2023-11-12,23,Banana
2023-11-19,24,Banana
2023-11-26,24,Banana
2023-12-03,25,Banana
2023-12-10,30,Banana
2023-12-17,24,Banana
2023-12-24,24,Banana
2023-12-31,24,Banana
2024-01-07,25,Banana
2024-01-14,24,Banana
2024-01-21,22,Banana
2024-01-28,25,Banana
2024-02-04,26,Banana
2024-02-11,24,Banana
2024-02-18,27,Banana
2024-02-25,28,Banana
2024-03-03,27,Banana
2024-03-10,28,Banana
2024-03-17,28,Banana
2024-03-24,25,Banana
2024-03-31,25,Banana
2024-04-07,26,Banana
2024-04-14,26,Banana
2024-04-21,25,Banana
2024-04-28,26,Banana
2024-05-05,26,Banana
2024-05-12,25,Banana
2024-05-19,26,Banana
2024-05-26,27,Banana
2024-06-02,23,Banana
2024-06-09,26,Banana
2024-06-16,25,Banana
2024-06-23,27,Banana
2024-06-30,27,Banana
2024-07-07,26,Banana
2024-07-14,27,Banana
2024-07-21,28,Banana
2024-07-28,28,Banana
2024-08-04,27,Banana
2024-08-11,27,Banana
2024-08-18,26,Banana
2024-08-25,27,Banana
2024-09-01,29,Banana
2024-09-08,29,Banana
2024-09-15,28,Banana
2024-09-22,28,Banana
2024-09-29,28,Banana
2024-10-06,27,Banana
2024-10-13,27,Banana
2024-10-20,26,Banana
2024-10-27,40,Banana
2024-11-03,31,Banana
2024-11-10,31,Banana
2024-11-17,29,Banana
2024-11-24,28,Banana
2024-12-01,25,Banana
2024-12-08,25,Banana
2024-12-15,25,Banana
2024-12-22,25,Banana
2024-12-29,24,Banana
2025-01-05,25,Banana
2025-01-12,24,Banana
2025-01-19,25,Banana
2025-01-26,25,Banana
2025-02-02,24,Banana
2025-02-09,25,Banana
2025-02-16,25,Banana
2025-02-23,27,Banana
2025-03-02,26,Banana
2025-03-09,28,Banana
2025-03-16,26,Banana
2025-03-23,26,Banana
2025-03-30,27,Banana
2025-04-06,26,Banana
2025-04-13,28,Banana
2025-04-20,27,Banana
2025-04-27,27,Banana
2025-05-04,24,Banana
2025-05-11,26,Banana
2025-05-18,26,Banana
2025-05-25,26,Banana
2025-06-01,27,Banana
2025-06-08,28,Banana
2025-06-15,29,Banana
2025-06-22,29,Banana
2025-06-29,30,Banana
2025-07-06,29,Banana
2025-07-13,30,Banana
2025-07-20,30,Banana
2025-07-27,29,Banana
2025-08-03,30,Banana
2025-08-10,29,Banana
2025-08-17,32,Banana
2025-08-24,41,Banana
2025-08-31,52,Banana
2025-09-07,100,Banana
2025-09-14,90,Banana
2025-09-21,44,Banana
2025-09-28,38,Banana
2025-10-05,39,Banana
2025-10-12,38,Banana
2020-10-11,61,Beans
2020-10-18,60,Beans
2020-10-25,60,Beans
2020-11-01,55,Beans
2020-11-08,59,Beans
2020-11-15,67,Beans
2020-11-22,62,Beans
2020-11-29,63,Beans
2020-12-06,65,Beans
2020-12-13,64,Beans
2020-12-20,59,Beans
2020-12-27,65,Beans
2021-01-03,65,Beans
2021-01-10,64,Beans
2021-01-17,65,Beans
2021-01-24,65,Beans
2021-01-31,66,Beans
2021-02-07,67,Beans
2021-02-14,63,Beans
2021-02-21,64,Beans
2021-02-28,64,Beans
2021-03-07,63,Beans
2021-03-14,60,Beans
2021-03-21,60,Beans
2021-03-28,61,Beans
2021-04-04,65,Beans
2021-04-11,59,Beans
2021-04-18,63,Beans
2021-04-25,57,Beans
2021-05-02,64,Beans
2021-05-09,70,Beans
2021-05-16,69,Beans
2021-05-23,74,Beans
2021-05-30,71,Beans
2021-06-06,68,Beans
2021-06-13,71,Beans
2021-06-20,66,Beans
2021-06-27,74,Beans
2021-07-04,68,Beans
2021-07-11,67,Beans
2021-07-18,64,Beans
2021-07-25,65,Beans
2021-08-01,64,Beans
2021-08-08,62,Beans
2021-08-15,65,Beans
2021-08-22,66,Beans
2021-08-29,60,Beans
2021-09-05,65,Beans
2021-09-12,64,Beans
2021-09-19,58,Beans
2021-09-26,66,Beans
2021-10-03,60,Beans
2021-10-10,56,Beans
2021-10-17,63,Beans
2021-10-24,59,Beans
2021-10-31,46,Beans
2021-11-07,57,Beans
2021-11-14,60,Beans
2021-11-21,58,Beans
2021-11-28,59,Beans
2021-12-05,60,Beans
2021-12-12,58,Beans
2021-12-19,60,Beans
2021-12-26,54,Beans
2022-01-02,68,Beans
2022-01-09,64,Beans
2022-01-16,58,Beans
2022-01-23,62,Beans
2022-01-30,68,Beans
2022-02-06,71,Beans
2022-02-13,68,Beans
2022-02-20,77,Beans
2022-02-27,71,Beans
2022-03-06,76,Beans
2022-03-13,61,Beans
2022-03-20,66,Beans
2022-03-27,58,Beans
2022-04-03,57,Beans
2022-04-10,53,Beans
2022-04-17,56,Beans
2022-04-24,54,Beans
2022-05-01,51,Beans
2022-05-08,52,Beans
2022-05-15,55,Beans
2022-05-22,55,Beans
2022-05-29,56,Beans
2022-06-05,58,Beans
2022-06-12,60,Beans
2022-06-19,63,Beans
2022-06-26,60,Beans
2022-07-03,57,Beans
2022-07-10,58,Beans
2022-07-17,60,Beans
2022-07-24,58,Beans
2022-07-31,63,Beans
2022-08-07,57,Beans
2022-08-14,57,Beans
2022-08-21,62,Beans
2022-08-28,58,Beans
2022-09-04,53,Beans
2022-09-11,60,Beans
2022-09-18,64,Beans
2022-09-25,57,Beans
2022-10-02,59,Beans
2022-10-09,56,Beans
2022-10-16,54,Beans
2022-10-23,53,Beans
2022-10-30,53,Beans
2022-11-06,59,Beans
2022-11-13,65,Beans
2022-11-20,60,Beans
2022-11-27,62,Beans
2022-12-04,54,Beans
2022-12-11,55,Beans
2022-12-18,57,Beans
2022-12-25,54,Beans
2023-01-01,63,Beans
2023-01-08,58,Beans
2023-01-15,59,Beans
2023-01-22,59,Beans
2023-01-29,60,Beans
2023-02-05,58,Beans
2023-02-12,57,Beans
2023-02-19,63,Beans
2023-02-26,60,Beans
2023-03-05,53,Beans
2023-03-12,55,Beans
2023-03-19,55,Beans
2023-03-26,53,Beans
2023-04-02,54,Beans
2023-04-09,60,Beans
2023-04-16,53,Beans
2023-04-23,61,Beans
2023-04-30,52,Beans
2023-05-07,53,Beans
2023-05-14,46,Beans
2023-05-21,49,Beans
2023-05-28,52,Beans
2023-06-04,55,Beans
2023-06-11,61,Beans
2023-06-18,60,Beans
2023-06-25,60,Beans
2023-07-02,64,Beans
2023-07-09,60,Beans
2023-07-16,62,Beans
2023-07-23,64,Beans
2023-07-30,59,Beans
2023-08-06,64,Beans
2023-08-13,68,Beans
2023-08-20,62,Beans
2023-08-27,58,Beans
2023-09-03,61,Beans
2023-09-10,58,Beans
2023-09-17,62,Beans
2023-09-24,56,Beans
2023-10-01,64,Beans
2023-10-08,60,Beans
2023-10-15,55,Beans
2023-10-22,54,Beans
2023-10-29,57,Beans
2023-11-05,49,Beans
2023-11-12,48,Beans
2023-11-19,59,Beans
2023-11-26,62,Beans
2023-12-03,57,Beans
2023-12-10,66,Beans
2023-12-17,57,Beans
2023-12-24,59,Beans
2023-12-31,59,Beans
2024-01-07,64,Beans
2024-01-14,62,Beans
2024-01-21,58,Beans
2024-01-28,66,Beans
2024-02-04,70,Beans
2024-02-11,61,Beans
2024-02-18,63,Beans
2024-02-25,66,Beans
2024-03-03,68,Beans
2024-03-10,62,Beans
2024-03-17,61,Beans
2024-03-24,59,Beans
2024-03-31,56,Beans
2024-04-07,62,Beans
2024-04-14,60,Beans
2024-04-21,57,Beans
2024-04-28,59,Beans
2024-05-05,59,Beans
2024-05-12,58,Beans
2024-05-19,60,Beans
2024-05-26,62,Beans
2024-06-02,51,Beans
2024-06-09,63,Beans
2024-06-16,60,Beans
2024-06-23,64,Beans
2024-06-30,67,Beans
2024-07-07,66,Beans
2024-07-14,76,Beans
2024-07-21,81,Beans
2024-07-28,96,Beans
2024-08-04,87,Beans
2024-08-11,80,Beans
2024-08-18,100,Beans
2024-08-25,74,Beans
2024-09-01,69,Beans
2024-09-08,75,Beans
2024-09-15,70,Beans
2024-09-22,66,Beans
2024-09-29,64,Beans
2024-10-06,64,Beans
2024-10-13,59,Beans
2024-10-20,65,Beans
2024-10-27,59,Beans
2024-11-03,63,Beans
2024-11-10,66,Beans
2024-11-17,63,Beans
2024-11-24,68,Beans
2024-12-01,68,Beans
2024-12-08,75,Beans
2024-12-15,61,Beans
2024-12-22,66,Beans
2024-12-29,65,Beans
2025-01-05,70,Beans
2025-01-12,67,Beans
2025-01-19,72,Beans
2025-01-26,73,Beans
2025-02-02,71,Beans
2025-02-09,69,Beans
2025-02-16,67,Beans
2025-02-23,69,Beans
2025-03-02,66,Beans
2025-03-09,63,Beans
2025-03-16,69,Beans
2025-03-23,60,Beans
2025-03-30,57,Beans
2025-04-06,63,Beans
2025-04-13,59,Beans
2025-04-20,59,Beans
2025-04-27,62,Beans
2025-05-04,58,Beans
2025-05-11,61,Beans
2025-05-18,63,Beans
2025-05-25,67,Beans
2025-06-01,62,Beans
2025-06-08,69,Beans
2025-06-15,65,Beans
2025-06-22,70,Beans
2025-06-29,70,Beans
2025-07-06,61,Beans
2025-07-13,68,Beans
2025-07-20,69,Beans
2025-07-27,65,Beans
2025-08-03,68,Beans
2025-08-10,65,Beans
2025-08-17,73,Beans
2025-08-24,67,Beans
2025-08-31,68,Beans
2025-09-07,69,Beans
2025-09-14,63,Beans
2025-09-21,60,Beans
2025-09-28,60,Beans
2025-10-05,72,Beans
2025-10-12,76,Beans
2020-10-11,59,Black_pepper
2020-10-18,59,Black_pepper
2020-10-25,61,Black_pepper
2020-11-01,59,Black_pepper
2020-11-08,62,Black_pepper
2020-11-15,64,Black_pepper
2020-11-22,61,Black_pepper
2020-11-29,64,Black_pepper
2020-12-06,62,Black_pepper
2020-12-13,63,Black_pepper
2020-12-20,63,Black_pepper
2020-12-27,63,Black_pepper
2021-01-03,66,Black_pepper
2021-01-10,55,Black_pepper
2021-01-17,63,Black_pepper
2021-01-24,64,Black_pepper
2021-01-31,64,Black_pepper
2021-02-07,60,Black_pepper
2021-02-14,63,Black_pepper
2021-02-21,67,Black_pepper
2021-02-28,65,Black_pepper
2021-03-07,66,Black_pepper
2021-03-14,66,Black_pepper
2021-03-21,65,Black_pepper
2021-03-28,69,Black_pepper
2021-04-04,73,Black_pepper
2021-04-11,73,Black_pepper
2021-04-18,78,Black_pepper
2021-04-25,87,Black_pepper
2021-05-02,88,Black_pepper
2021-05-09,89,Black_pepper
2021-05-16,93,Black_pepper
2021-05-23,100,Black_pepper
2021-05-30,78,Black_pepper
2021-06-06,77,Black_pepper
2021-06-13,70,Black_pepper
2021-06-20,61,Black_pepper
2021-06-27,67,Black_pepper
2021-07-04,65,Black_pepper
2021-07-11,65,Black_pepper
2021-07-18,69,Black_pepper
2021-07-25,58,Black_pepper
2021-08-01,61,Black_pepper
2021-08-08,60,Black_pepper
2021-08-15,56,Black_pepper
2021-08-22,56,Black_pepper
2021-08-29,60,Black_pepper
2021-09-05,51,Black_pepper
2021-09-12,57,Black_pepper
2021-09-19,50,Black_pepper
2021-09-26,52,Black_pepper
2021-10-03,51,Black_pepper
2021-10-10,54,Black_pepper
2021-10-17,60,Black_pepper
2021-10-24,63,Black_pepper
2021-10-31,56,Black_pepper
2021-11-07,57,Black_pepper
2021-11-14,60,Black_pepper
2021-11-21,67,Black_pepper
2021-11-28,62,Black_pepper
2021-12-05,60,Black_pepper
2021-12-12,59,Black_pepper
2021-12-19,60,Black_pepper
2021-12-26,59,Black_pepper
2022-01-02,69,Black_pepper
2022-01-09,69,Black_pepper
2022-01-16,66,Black_pepper
2022-01-23,77,Black_pepper
2022-01-30,69,Black_pepper
2022-02-06,67,Black_pepper
2022-02-13,74,Black_pepper
2022-02-20,77,Black_pepper
2022-02-27,69,Black_pepper
2022-03-06,68,Black_pepper
2022-03-13,65,Black_pepper
2022-03-20,62,Black_pepper
2022-03-27,59,Black_pepper
2022-04-03,67,Black_pepper
2022-04-10,61,Black_pepper
2022-04-17,62,Black_pepper
2022-04-24,59,Black_pepper
2022-05-01,56,Black_pepper
2022-05-08,54,Black_pepper
2022-05-15,60,Black_pepper
2022-05-22,54,Black_pepper
2022-05-29,56,Black_pepper
2022-06-05,63,Black_pepper
2022-06-12,60,Black_pepper
2022-06-19,63,Black_pepper
2022-06-26,62,Black_pepper
2022-07-03,59,Black_pepper
2022-07-10,59,Black_pepper
2022-07-17,64,Black_pepper
2022-07-24,59,Black_pepper
2022-07-31,59,Black_pepper
2022-08-07,60,Black_pepper
2022-08-14,62,Black_pepper
2022-08-21,64,Black_pepper
2022-08-28,53,Black_pepper
2022-09-04,57,Black_pepper
2022-09-11,64,Black_pepper
2022-09-18,56,Black_pepper
2022-09-25,52,Black_pepper
2022-10-02,61,Black_pepper
2022-10-09,56,Black_pepper
2022-10-16,55,Black_pepper
2022-10-23,53,Black_pepper
2022-10-30,62,Black_pepper
2022-11-06,58,Black_pepper
2022-11-13,69,Black_pepper
2022-11-20,62,Black_pepper
2022-11-27,61,Black_pepper
2022-12-04,65,Black_pepper
2022-12-11,69,Black_pepper
2022-12-18,68,Black_pepper
2022-12-25,69,Black_pepper
2023-01-01,78,Black_pepper
2023-01-08,71,Black_pepper
2023-01-15,67,Black_pepper
2023-01-22,67,Black_pepper
2023-01-29,67,Black_pepper
2023-02-05,68,Black_pepper
2023-02-12,70,Black_pepper
2023-02-19,64,Black_pepper
2023-02-26,67,Black_pepper
2023-03-05,61,Black_pepper
2023-03-12,65,Black_pepper
2023-03-19,61,Black_pepper
2023-03-26,62,Black_pepper
2023-04-02,61,Black_pepper
2023-04-09,58,Black_pepper
2023-04-16,54,Black_pepper
2023-04-23,51,Black_pepper
2023-04-30,54,Black_pepper
2023-05-07,56,Black_pepper
2023-05-14,53,Black_pepper
2023-05-21,55,Black_pepper
2023-05-28,60,Black_pepper
2023-06-04,57,Black_pepper
2023-06-11,59,Black_pepper
2023-06-18,61,Black_pepper
2023-06-25,61,Black_pepper
2023-07-02,66,Black_pepper
2023-07-09,58,Black_pepper
2023-07-16,61,Black_pepper
2023-07-23,75,Black_pepper
2023-07-30,70,Black_pepper
2023-08-06,69,Black_pepper
2023-08-13,67,Black_pepper
2023-08-20,73,Black_pepper
2023-08-27,65,Black_pepper
2023-09-03,64,Black_pepper
2023-09-10,61,Black_pepper
2023-09-17,64,Black_pepper
2023-09-24,64,Black_pepper
2023-10-01,68,Black_pepper
2023-10-08,59,Black_pepper
2023-10-15,64,Black_pepper
2023-10-22,65,Black_pepper
2023-10-29,64,Black_pepper
2023-11-05,62,Black_pepper
2023-11-12,60,Black_pepper
2023-11-19,68,Black_pepper
2023-11-26,71,Black_pepper
2023-12-03,67,Black_pepper
2023-12-10,72,Black_pepper
2023-12-17,68,Black_pepper
2023-12-24,76,Black_pepper
2023-12-31,72,Black_pepper
2024-01-07,71,Black_pepper
2024-01-14,75,Black_pepper
2024-01-21,71,Black_pepper
2024-01-28,75,Black_pepper
2024-02-04,74,Black_pepper
2024-02-11,70,Black_pepper
2024-02-18,75,Black_pepper
2024-02-25,69,Black_pepper
2024-03-03,63,Black_pepper
2024-03-10,69,Black_pepper
2024-03-17,61,Black_pepper
2024-03-24,60,Black_pepper
2024-03-31,62,Black_pepper
2024-04-07,63,Black_pepper
2024-04-14,65,Black_pepper
2024-04-21,55,Black_pepper
2024-04-28,56,Black_pepper
2024-05-05,61,Black_pepper
2024-05-12,56,Black_pepper
2024-05-19,59,Black_pepper
2024-05-26,62,Black_pepper
2024-06-02,57,Black_pepper
2024-06-09,69,Black_pepper
2024-06-16,66,Black_pepper
2024-06-23,70,Black_pepper
2024-06-30,67,Black_pepper
2024-07-07,63,Black_pepper
2024-07-14,69,Black_pepper
2024-07-21,65,Black_pepper
2024-07-28,61,Black_pepper
2024-08-04,63,Black_pepper
2024-08-11,63,Black_pepper
2024-08-18,64,Black_pepper
2024-08-25,62,Black_pepper
2024-09-01,62,Black_pepper
2024-09-08,64,Black_pepper
2024-09-15,63,Black_pepper
2024-09-22,62,Black_pepper
2024-09-29,59,Black_pepper
2024-10-06,57,Black_pepper
2024-10-13,57,Black_pepper
2024-10-20,63,Black_pepper
2024-10-27,61,Black_pepper
2024-11-03,63,Black_pepper
2024-11-10,66,Black_pepper
2024-11-17,65,Black_pepper
2024-11-24,71,Black_pepper
2024-12-01,66,Black_pepper
2024-12-08,68,Black_pepper
2024-12-15,70,Black_pepper
2024-12-22,70,Black_pepper
2024-12-29,67,Black_pepper
2025-01-05,70,Black_pepper
2025-01-12,73,Black_pepper
2025-01-19,71,Black_pepper
2025-01-26,74,Black_pepper
2025-02-02,76,Black_pepper
2025-02-09,66,Black_pepper
2025-02-16,76,Black_pepper
2025-02-23,68,Black_pepper
2025-03-02,73,Black_pepper
2025-03-09,73,Black_pepper
2025-03-16,71,Black_pepper
2025-03-23,60,Black_pepper
2025-03-30,64,Black_pepper
2025-04-06,65,Black_pepper
2025-04-13,60,Black_pepper
2025-04-20,59,Black_pepper
2025-04-27,62,Black_pepper
2025-05-04,58,Black_pepper
2025-05-11,62,Black_pepper
2025-05-18,63,Black_pepper
2025-05-25,63,Black_pepper
2025-06-01,65,Black_pepper
2025-06-08,65,Black_pepper
2025-06-15,67,Black_pepper
2025-06-22,64,Black_pepper
2025-06-29,67,Black_pepper
2025-07-06,68,Black_pepper
2025-07-13,67,Black_pepper
2025-07-20,61,Black_pepper
2025-07-27,62,Black_pepper
2025-08-03,62,Black_pepper
2025-08-10,67,Black_pepper
2025-08-17,68,Black_pepper
2025-08-24,66,Black_pepper
2025-08-31,66,Black_pepper
2025-09-07,63,Black_pepper
2025-09-14,66,Black_pepper
2025-09-21,65,Black_pepper
2025-09-28,64,Black_pepper
2025-10-05,73,Black_pepper
2025-10-12,74,Black_pepper
2020-10-11,67,Cabbage
2020-10-18,62,Cabbage
2020-10-25,60,Cabbage
2020-11-01,64,Cabbage
2020-11-08,58,Cabbage
2020-11-15,73,Cabbage
2020-11-22,76,Cabbage
2020-11-29,75,Cabbage
2020-12-06,91,Cabbage
2020-12-13,84,Cabbage
2020-12-20,79,Cabbage
2020-12-27,81,Cabbage
2021-01-03,89,Cabbage
2021-01-10,82,Cabbage
2021-01-17,90,Cabbage
2021-01-24,100,Cabbage
2021-01-31,95,Cabbage
2021-02-07,85,Cabbage
2021-02-14,83,Cabbage
2021-02-21,86,Cabbage
2021-02-28,79,Cabbage
2021-03-07,73,Cabbage
2021-03-14,74,Cabbage
2021-03-21,69,Cabbage
2021-03-28,67,Cabbage
2021-04-04,67,Cabbage
2021-04-11,63,Cabbage
2021-04-18,68,Cabbage
2021-04-25,65,Cabbage
2021-05-02,73,Cabbage
2021-05-09,72,Cabbage
2021-05-16,76,Cabbage
2021-05-23,79,Cabbage
2021-05-30,77,Cabbage
2021-06-06,76,Cabbage
2021-06-13,75,Cabbage
2021-06-20,71,Cabbage
2021-06-27,65,Cabbage
2021-07-04,69,Cabbage
2021-07-11,73,Cabbage
2021-07-18,70,Cabbage
2021-07-25,64,Cabbage
2021-08-01,64,Cabbage
2021-08-08,68,Cabbage
2021-08-15,67,Cabbage
2021-08-22,63,Cabbage
2021-08-29,63,Cabbage
2021-09-05,59,Cabbage
2021-09-12,67,Cabbage
2021-09-19,62,Cabbage
2021-09-26,66,Cabbage
2021-10-03,59,Cabbage
2021-10-10,54,Cabbage
2021-10-17,56,Cabbage
2021-10-24,59,Cabbage
2021-10-31,45,Cabbage
2021-11-07,60,Cabbage
2021-11-14,62,Cabbage
2021-11-21,66,Cabbage
2021-11-28,70,Cabbage
2021-12-05,59,Cabbage
2021-12-12,63,Cabbage
2021-12-19,58,Cabbage
2021-12-26,50,Cabbage
2022-01-02,72,Cabbage
2022-01-09,76,Cabbage
2022-01-16,71,Cabbage
2022-01-23,79,Cabbage
2022-01-30,77,Cabbage
2022-02-06,78,Cabbage
2022-02-13,86,Cabbage
2022-02-20,84,Cabbage
2022-02-27,79,Cabbage
2022-03-06,80,Cabbage
2022-03-13,76,Cabbage
2022-03-20,69,Cabbage
2022-03-27,61,Cabbage
2022-04-03,64,Cabbage
2022-04-10,60,Cabbage
2022-04-17,62,Cabbage
2022-04-24,62,Cabbage
2022-05-01,52,Cabbage
2022-05-08,56,Cabbage
2022-05-15,55,Cabbage
2022-05-22,56,Cabbage
2022-05-29,54,Cabbage
2022-06-05,54,Cabbage
2022-06-12,59,Cabbage
2022-06-19,63,Cabbage
2022-06-26,67,Cabbage
2022-07-03,66,Cabbage
2022-07-10,65,Cabbage
2022-07-17,66,Cabbage
2022-07-24,68,Cabbage
2022-07-31,64,Cabbage
2022-08-07,58,Cabbage
2022-08-14,62,Cabbage
2022-08-21,71,Cabbage
2022-08-28,65,Cabbage
2022-09-04,67,Cabbage
2022-09-11,75,Cabbage
2022-09-18,71,Cabbage
2022-09-25,65,Cabbage
2022-10-02,60,Cabbage
2022-10-09,65,Cabbage
2022-10-16,64,Cabbage
2022-10-23,55,Cabbage
2022-10-30,67,Cabbage
2022-11-06,68,Cabbage
2022-11-13,72,Cabbage
2022-11-20,76,Cabbage
2022-11-27,80,Cabbage
2022-12-04,68,Cabbage
2022-12-11,74,Cabbage
2022-12-18,73,Cabbage
2022-12-25,73,Cabbage
2023-01-01,80,Cabbage
2023-01-08,78,Cabbage
2023-01-15,80,Cabbage
2023-01-22,74,Cabbage
2023-01-29,82,Cabbage
2023-02-05,73,Cabbage
2023-02-12,75,Cabbage
2023-02-19,77,Cabbage
2023-02-26,73,Cabbage
2023-03-05,68,Cabbage
2023-03-12,67,Cabbage
2023-03-19,64,Cabbage
2023-03-26,64,Cabbage
2023-04-02,60,Cabbage
2023-04-09,59,Cabbage
2023-04-16,55,Cabbage
2023-04-23,57,Cabbage
2023-04-30,53,Cabbage
2023-05-07,51,Cabbage
2023-05-14,47,Cabbage
2023-05-21,51,Cabbage
2023-05-28,54,Cabbage
2023-06-04,54,Cabbage
2023-06-11,61,Cabbage
2023-06-18,63,Cabbage
2023-06-25,63,Cabbage
2023-07-02,67,Cabbage
2023-07-09,63,Cabbage
2023-07-16,64,Cabbage
2023-07-23,66,Cabbage
2023-07-30,66,Cabbage
2023-08-06,61,Cabbage
2023-08-13,60,Cabbage
2023-08-20,62,Cabbage
2023-08-27,60,Cabbage
2023-09-03,62,Cabbage
2023-09-10,63,Cabbage
2023-09-17,60,Cabbage
2023-09-24,61,Cabbage
2023-10-01,70,Cabbage
2023-10-08,60,Cabbage
2023-10-15,59,Cabbage
2023-10-22,55,Cabbage
2023-10-29,58,Cabbage
2023-11-05,54,Cabbage
2023-11-12,56,Cabbage
2023-11-19,66,Cabbage
2023-11-26,70,Cabbage
2023-12-03,74,Cabbage
2023-12-10,77,Cabbage
2023-12-17,65,Cabbage
2023-12-24,62,Cabbage
2023-12-31,71,Cabbage
2024-01-07,70,Cabbage
2024-01-14,65,Cabbage
2024-01-21,70,Cabbage
2024-01-28,71,Cabbage
2024-02-04,73,Cabbage
2024-02-11,64,Cabbage
2024-02-18,66,Cabbage
2024-02-25,70,Cabbage
2024-03-03,61,Cabbage
2024-03-10,67,Cabbage
2024-03-17,60,Cabbage
2024-03-24,55,Cabbage
2024-03-31,56,Cabbage
2024-04-07,52,Cabbage
2024-04-14,53,Cabbage
2024-04-21,52,Cabbage
2024-04-28,50,Cabbage
2024-05-05,46,Cabbage
2024-05-12,53,Cabbage
2024-05-19,54,Cabbage
2024-05-26,52,Cabbage
2024-06-02,49,Cabbage
2024-06-09,53,Cabbage
2024-06-16,56,Cabbage
2024-06-23,57,Cabbage
2024-06-30,65,Cabbage
2024-07-07,63,Cabbage
2024-07-14,65,Cabbage
2024-07-21,66,Cabbage
2024-07-28,60,Cabbage
2024-08-04,61,Cabbage
2024-08-11,56,Cabbage
2024-08-18,59,Cabbage
2024-08-25,62,Cabbage
2024-09-01,64,Cabbage
2024-09-08,66,Cabbage
2024-09-15,64,Cabbage
2024-09-22,64,Cabbage
2024-09-29,63,Cabbage
2024-10-06,53,Cabbage
2024-10-13,60,Cabbage
2024-10-20,61,Cabbage
2024-10-27,48,Cabbage
2024-11-03,53,Cabbage
2024-11-10,57,Cabbage
2024-11-17,58,Cabbage
2024-11-24,64,Cabbage
2024-12-01,66,Cabbage
2024-12-08,65,Cabbage
2024-12-15,61,Cabbage
2024-12-22,58,Cabbage
2024-12-29,69,Cabbage
2025-01-05,70,Cabbage
2025-01-12,61,Cabbage
2025-01-19,72,Cabbage
2025-01-26,67,Cabbage
2025-02-02,67,Cabbage
2025-02-09,61,Cabbage
2025-02-16,67,Cabbage
2025-02-23,58,Cabbage
2025-03-02,60,Cabbage
2025-03-09,59,Cabbage
2025-03-16,58,Cabbage
2025-03-23,51,Cabbage
2025-03-30,51,Cabbage
2025-04-06,52,Cabbage
2025-04-13,47,Cabbage
2025-04-20,49,Cabbage
2025-04-27,45,Cabbage
2025-05-04,46,Cabbage
2025-05-11,41,Cabbage
2025-05-18,49,Cabbage
2025-05-25,45,Cabbage
2025-06-01,53,Cabbage
2025-06-08,52,Cabbage
2025-06-15,52,Cabbage
2025-06-22,54,Cabbage
2025-06-29,61,Cabbage
2025-07-06,54,Cabbage
2025-07-13,52,Cabbage
2025-07-20,56,Cabbage
2025-07-27,59,Cabbage
2025-08-03,54,Cabbage
2025-08-10,50,Cabbage
2025-08-17,58,Cabbage
2025-08-24,50,Cabbage
2025-08-31,56,Cabbage
2025-09-07,58,Cabbage
2025-09-14,55,Cabbage
2025-09-21,48,Cabbage
2025-09-28,46,Cabbage
2025-10-05,55,Cabbage
2025-10-12,52,Cabbage
2020-10-11,78,Cardamom
2020-10-18,77,Cardamom
2020-10-25,76,Cardamom
2020-11-01,75,Cardamom
2020-11-08,84,Cardamom
2020-11-15,83,Cardamom
2020-11-22,90,Cardamom
2020-11-29,83,Cardamom
2020-12-06,83,Cardamom
2020-12-13,91,Cardamom
2020-12-20,84,Cardamom
2020-12-27,78,Cardamom
2021-01-03,81,Cardamom
2021-01-10,79,Cardamom
2021-01-17,72,Cardamom
2021-01-24,74,Cardamom
2021-01-31,75,Cardamom
2021-02-07,74,Cardamom
2021-02-14,70,Cardamom
2021-02-21,75,Cardamom
2021-02-28,72,Cardamom
2021-03-07,72,Cardamom
2021-03-14,68,Cardamom
2021-03-21,70,Cardamom
2021-03-28,65,Cardamom
2021-04-04,66,Cardamom
2021-04-11,66,Cardamom
2021-04-18,76,Cardamom
2021-04-25,69,Cardamom
2021-05-02,74,Cardamom
2021-05-09,77,Cardamom
2021-05-16,78,Cardamom
2021-05-23,80,Cardamom
2021-05-30,74,Cardamom
2021-06-06,74,Cardamom
2021-06-13,63,Cardamom
2021-06-20,62,Cardamom
2021-06-27,68,Cardamom
2021-07-04,68,Cardamom
2021-07-11,68,Cardamom
2021-07-18,70,Cardamom
2021-07-25,64,Cardamom
2021-08-01,57,Cardamom
2021-08-08,68,Cardamom
2021-08-15,66,Cardamom
2021-08-22,62,Cardamom
2021-08-29,60,Cardamom
2021-09-05,68,Cardamom
2021-09-12,67,Cardamom
2021-09-19,64,Cardamom
2021-09-26,58,Cardamom
2021-10-03,55,Cardamom
2021-10-10,55,Cardamom
2021-10-17,58,Cardamom
2021-10-24,56,Cardamom
2021-10-31,61,Cardamom
2021-11-07,60,Cardamom
2021-11-14,54,Cardamom
2021-11-21,67,Cardamom
2021-11-28,60,Cardamom
2021-12-05,62,Cardamom
2021-12-12,67,Cardamom
2021-12-19,58,Cardamom
2021-12-26,57,Cardamom
2022-01-02,72,Cardamom
2022-01-09,70,Cardamom
2022-01-16,65,Cardamom
2022-01-23,68,Cardamom
2022-01-30,72,Cardamom
2022-02-06,72,Cardamom
2022-02-13,72,Cardamom
2022-02-20,76,Cardamom
2022-02-27,69,Cardamom
2022-03-06,71,Cardamom
2022-03-13,74,Cardamom
2022-03-20,65,Cardamom
2022-03-27,63,Cardamom
2022-04-03,68,Cardamom
2022-04-10,61,Cardamom
2022-04-17,66,Cardamom
2022-04-24,61,Cardamom
2022-05-01,59,Cardamom
2022-05-08,61,Cardamom
2022-05-15,60,Cardamom
2022-05-22,61,Cardamom
2022-05-29,61,Cardamom
2022-06-05,59,Cardamom
2022-06-12,60,Cardamom
2022-06-19,66,Cardamom
2022-06-26,64,Cardamom
2022-07-03,65,Cardamom
2022-07-10,65,Cardamom
2022-07-17,66,Cardamom
2022-07-24,71,Cardamom
2022-07-31,64,Cardamom
2022-08-07,64,Cardamom
2022-08-14,70,Cardamom
2022-08-21,76,Cardamom
2022-08-28,68,Cardamom
2022-09-04,58,Cardamom
2022-09-11,75,Cardamom
2022-09-18,68,Cardamom
2022-09-25,66,Cardamom
2022-10-02,65,Cardamom
2022-10-09,64,Cardamom
2022-10-16,64,Cardamom
2022-10-23,60,Cardamom
2022-10-30,65,Cardamom
2022-11-06,66,Cardamom
2022-11-13,69,Cardamom
2022-11-20,65,Cardamom
2022-11-27,69,Cardamom
2022-12-04,66,Cardamom
2022-12-11,63,Cardamom
2022-12-18,63,Cardamom
2022-12-25,68,Cardamom
2023-01-01,72,Cardamom
2023-01-08,72,Cardamom
2023-01-15,70,Cardamom
2023-01-22,70,Cardamom
2023-01-29,73,Cardamom
2023-02-05,66,Cardamom
2023-02-12,85,Cardamom
2023-02-19,89,Cardamom
2023-02-26,76,Cardamom
2023-03-05,70,Cardamom
2023-03-12,68,Cardamom
2023-03-19,65,Cardamom
2023-03-26,65,Cardamom
2023-04-02,59,Cardamom
2023-04-09,61,Cardamom
2023-04-16,59,Cardamom
2023-04-23,56,Cardamom
2023-04-30,54,Cardamom
2023-05-07,56,Cardamom
2023-05-14,55,Cardamom
2023-05-21,52,Cardamom
2023-05-28,56,Cardamom
2023-06-04,58,Cardamom
2023-06-11,63,Cardamom
2023-06-18,61,Cardamom
2023-06-25,63,Cardamom
2023-07-02,67,Cardamom
2023-07-09,68,Cardamom
2023-07-16,70,Cardamom
2023-07-23,76,Cardamom
2023-07-30,76,Cardamom
2023-08-06,94,Cardamom
2023-08-13,86,Cardamom
2023-08-20,89,Cardamom
2023-08-27,84,Cardamom
2023-09-03,100,Cardamom
2023-09-10,84,Cardamom
2023-09-17,89,Cardamom
2023-09-24,86,Cardamom
2023-10-01,83,Cardamom
2023-10-08,76,Cardamom
2023-10-15,81,Cardamom
2023-10-22,77,Cardamom
2023-10-29,78,Cardamom
2023-11-05,81,Cardamom
2023-11-12,81,Cardamom
2023-11-19,88,Cardamom
2023-11-26,87,Cardamom
2023-12-03,78,Cardamom
2023-12-10,91,Cardamom
2023-12-17,84,Cardamom
2023-12-24,85,Cardamom
2023-12-31,87,Cardamom
2024-01-07,82,Cardamom
2024-01-14,78,Cardamom
2024-01-21,76,Cardamom
2024-01-28,75,Cardamom
2024-02-04,76,Cardamom
2024-02-11,66,Cardamom
2024-02-18,66,Cardamom
2024-02-25,72,Cardamom
2024-03-03,69,Cardamom
2024-03-10,70,Cardamom
2024-03-17,68,Cardamom
2024-03-24,65,Cardamom
2024-03-31,67,Cardamom
2024-04-07,78,Cardamom
2024-04-14,70,Cardamom
2024-04-21,67,Cardamom
2024-04-28,74,Cardamom
2024-05-05,68,Cardamom
2024-05-12,67,Cardamom
2024-05-19,71,Cardamom
2024-05-26,75,Cardamom
2024-06-02,66,Cardamom
2024-06-09,69,Cardamom
2024-06-16,69,Cardamom
2024-06-23,64,Cardamom
2024-06-30,65,Cardamom
2024-07-07,67,Cardamom
2024-07-14,72,Cardamom
2024-07-21,66,Cardamom
2024-07-28,60,Cardamom
2024-08-04,58,Cardamom
2024-08-11,64,Cardamom
2024-08-18,64,Cardamom
2024-08-25,71,Cardamom
2024-09-01,67,Cardamom
2024-09-08,65,Cardamom
2024-09-15,65,Cardamom
2024-09-22,63,Cardamom
2024-09-29,63,Cardamom
2024-10-06,59,Cardamom
2024-10-13,56,Cardamom
2024-10-20,60,Cardamom
2024-10-27,60,Cardamom
2024-11-03,66,Cardamom
2024-11-10,65,Cardamom
2024-11-17,72,Cardamom
2024-11-24,70,Cardamom
2024-12-01,65,Cardamom
2024-12-08,63,Cardamom
2024-12-15,58,Cardamom
2024-12-22,57,Cardamom
2024-12-29,61,Cardamom
2025-01-05,66,Cardamom
2025-01-12,57,Cardamom
2025-01-19,57,Cardamom
2025-01-26,54,Cardamom
2025-02-02,56,Cardamom
2025-02-09,58,Cardamom
2025-02-16,55,Cardamom
2025-02-23,57,Cardamom
2025-03-02,57,Cardamom
2025-03-09,60,Cardamom
2025-03-16,56,Cardamom
2025-03-23,49,Cardamom
2025-03-30,56,Cardamom
2025-04-06,53,Cardamom
2025-04-13,50,Cardamom
2025-04-20,51,Cardamom
2025-04-27,46,Cardamom
2025-05-04,50,Cardamom
2025-05-11,53,Cardamom
2025-05-18,53,Cardamom
2025-05-25,45,Cardamom
2025-06-01,49,Cardamom
2025-06-08,48,Cardamom
2025-06-15,48,Cardamom
2025-06-22,49,Cardamom
2025-06-29,54,Cardamom
2025-07-06,53,Cardamom
2025-07-13,57,Cardamom
2025-07-20,51,Cardamom
2025-07-27,53,Cardamom
2025-08-03,57,Cardamom
2025-08-10,58,Cardamom
2025-08-17,56,Cardamom
2025-08-24,58,Cardamom
2025-08-31,58,Cardamom
2025-09-07,51,Cardamom
2025-09-14,51,Cardamom
2025-09-21,53,Cardamom
2025-09-28,55,Cardamom
2025-10-05,60,Cardamom
2025-10-12,62,Cardamom
2020-10-11,69,Chickpea
2020-10-18,67,Chickpea
2020-10-25,74,Chickpea
2020-11-01,63,Chickpea
2020-11-08,56,Chickpea
2020-11-15,68,Chickpea
2020-11-22,75,Chickpea
2020-11-29,70,Chickpea
2020-12-06,68,Chickpea
2020-12-13,64,Chickpea
2020-12-20,66,Chickpea
2020-12-27,92,Chickpea
2021-01-03,65,Chickpea
2021-01-10,68,Chickpea
2021-01-17,70,Chickpea
2021-01-24,77,Chickpea
2021-01-31,69,Chickpea
2021-02-07,62,Chickpea
2021-02-14,65,Chickpea
2021-02-21,69,Chickpea
2021-02-28,74,Chickpea
2021-03-07,65,Chickpea
2021-03-14,70,Chickpea
2021-03-21,71,Chickpea
2021-03-28,64,Chickpea
2021-04-04,71,Chickpea
2021-04-11,72,Chickpea
2021-04-18,75,Chickpea
2021-04-25,70,Chickpea
2021-05-02,79,Chickpea
2021-05-09,86,Chickpea
2021-05-16,95,Chickpea
2021-05-23,100,Chickpea
2021-05-30,96,Chickpea
2021-06-06,95,Chickpea
2021-06-13,78,Chickpea
2021-06-20,67,Chickpea
2021-06-27,81,Chickpea
2021-07-04,73,Chickpea
2021-07-11,73,Chickpea
2021-07-18,66,Chickpea
2021-07-25,70,Chickpea
2021-08-01,62,Chickpea
2021-08-08,60,Chickpea
2021-08-15,56,Chickpea
2021-08-22,55,Chickpea
2021-08-29,55,Chickpea
2021-09-05,52,Chickpea
2021-09-12,60,Chickpea
2021-09-19,51,Chickpea
2021-09-26,51,Chickpea
2021-10-03,50,Chickpea
2021-10-10,49,Chickpea
2021-10-17,53,Chickpea
2021-10-24,49,Chickpea
2021-10-31,46,Chickpea
2021-11-07,48,Chickpea
2021-11-14,50,Chickpea
2021-11-21,56,Chickpea
2021-11-28,53,Chickpea
2021-12-05,50,Chickpea
2021-12-12,55,Chickpea
2021-12-19,50,Chickpea
2021-12-26,49,Chickpea
2022-01-02,64,Chickpea
2022-01-09,55,Chickpea
2022-01-16,56,Chickpea
2022-01-23,70,Chickpea
2022-01-30,64,Chickpea
2022-02-06,65,Chickpea
2022-02-13,71,Chickpea
2022-02-20,74,Chickpea
2022-02-27,73,Chickpea
2022-03-06,72,Chickpea
2022-03-13,66,Chickpea
2022-03-20,69,Chickpea
2022-03-27,61,Chickpea
2022-04-03,74,Chickpea
2022-04-10,66,Chickpea
2022-04-17,72,Chickpea
2022-04-24,77,Chickpea
2022-05-01,66,Chickpea
2022-05-08,64,Chickpea
2022-05-15,66,Chickpea
2022-05-22,64,Chickpea
2022-05-29,64,Chickpea
2022-06-05,73,Chickpea
2022-06-12,65,Chickpea
2022-06-19,69,Chickpea
2022-06-26,77,Chickpea
2022-07-03,69,Chickpea
2022-07-10,63,Chickpea
2022-07-17,68,Chickpea
2022-07-24,61,Chickpea
2022-07-31,60,Chickpea
2022-08-07,50,Chickpea
2022-08-14,57,Chickpea
2022-08-21,66,Chickpea
2022-08-28,60,Chickpea
2022-09-04,57,Chickpea
2022-09-11,69,Chickpea
2022-09-18,64,Chickpea
2022-09-25,55,Chickpea
2022-10-02,52,Chickpea
2022-10-09,59,Chickpea
2022-10-16,55,Chickpea
2022-10-23,47,Chickpea
2022-10-30,67,Chickpea
2022-11-06,57,Chickpea
2022-11-13,65,Chickpea
2022-11-20,62,Chickpea
2022-11-27,60,Chickpea
2022-12-04,53,Chickpea
2022-12-11,60,Chickpea
2022-12-18,54,Chickpea
2022-12-25,56,Chickpea
2023-01-01,64,Chickpea
2023-01-08,64,Chickpea
2023-01-15,65,Chickpea
2023-01-22,59,Chickpea
2023-01-29,67,Chickpea
2023-02-05,65,Chickpea
2023-02-12,68,Chickpea
2023-02-19,71,Chickpea
2023-02-26,62,Chickpea
2023-03-05,60,Chickpea
2023-03-12,69,Chickpea
2023-03-19,69,Chickpea
2023-03-26,72,Chickpea
2023-04-02,65,Chickpea
2023-04-09,63,Chickpea
2023-04-16,68,Chickpea
2023-04-23,69,Chickpea
2023-04-30,64,Chickpea
2023-05-07,68,Chickpea
2023-05-14,61,Chickpea
2023-05-21,62,Chickpea
2023-05-28,64,Chickpea
2023-06-04,75,Chickpea
2023-06-11,84,Chickpea
2023-06-18,83,Chickpea
2023-06-25,73,Chickpea
2023-07-02,78,Chickpea
2023-07-09,76,Chickpea
2023-07-16,72,Chickpea
2023-07-23,75,Chickpea
2023-07-30,66,Chickpea
2023-08-06,68,Chickpea
2023-08-13,67,Chickpea
2023-08-20,66,Chickpea
2023-08-27,59,Chickpea
2023-09-03,67,Chickpea
2023-09-10,69,Chickpea
2023-09-17,76,Chickpea
2023-09-24,70,Chickpea
2023-10-01,69,Chickpea
2023-10-08,68,Chickpea
2023-10-15,63,Chickpea
2023-10-22,63,Chickpea
2023-10-29,62,Chickpea
2023-11-05,58,Chickpea
2023-11-12,57,Chickpea
2023-11-19,62,Chickpea
2023-11-26,70,Chickpea
2023-12-03,63,Chickpea
2023-12-10,73,Chickpea
2023-12-17,64,Chickpea
2023-12-24,57,Chickpea
2023-12-31,66,Chickpea
2024-01-07,63,Chickpea
2024-01-14,69,Chickpea
2024-01-21,74,Chickpea
2024-01-28,69,Chickpea
2024-02-04,73,Chickpea
2024-02-11,70,Chickpea
2024-02-18,68,Chickpea
2024-02-25,67,Chickpea
2024-03-03,71,Chickpea
2024-03-10,70,Chickpea
2024-03-17,70,Chickpea
2024-03-24,61,Chickpea
2024-03-31,69,Chickpea
2024-04-07,72,Chickpea
2024-04-14,69,Chickpea
2024-04-21,76,Chickpea
2024-04-28,71,Chickpea
2024-05-05,71,Chickpea
2024-05-12,68,Chickpea
2024-05-19,69,Chickpea
2024-05-26,71,Chickpea
2024-06-02,64,Chickpea
2024-06-09,77,Chickpea
2024-06-16,73,Chickpea
2024-06-23,74,Chickpea
2024-06-30,84,Chickpea
2024-07-07,80,Chickpea
2024-07-14,71,Chickpea
2024-07-21,80,Chickpea
2024-07-28,79,Chickpea
2024-08-04,76,Chickpea
2024-08-11,66,Chickpea
2024-08-18,71,Chickpea
2024-08-25,83,Chickpea
2024-09-01,82,Chickpea
2024-09-08,76,Chickpea
2024-09-15,78,Chickpea
2024-09-22,72,Chickpea
2024-09-29,82,Chickpea
2024-10-06,66,Chickpea
2024-10-13,71,Chickpea
2024-10-20,68,Chickpea
2024-10-27,62,Chickpea
2024-11-03,73,Chickpea
2024-11-10,70,Chickpea
2024-11-17,66,Chickpea
2024-11-24,71,Chickpea
2024-12-01,70,Chickpea
2024-12-08,87,Chickpea
2024-12-15,70,Chickpea
2024-12-22,63,Chickpea
2024-12-29,70,Chickpea
2025-01-05,71,Chickpea
2025-01-12,69,Chickpea
2025-01-19,80,Chickpea
2025-01-26,77,Chickpea
2025-02-02,75,Chickpea
2025-02-09,68,Chickpea
2025-02-16,70,Chickpea
2025-02-23,62,Chickpea
2025-03-02,70,Chickpea
2025-03-09,74,Chickpea
2025-03-16,77,Chickpea
2025-03-23,63,Chickpea
2025-03-30,68,Chickpea
2025-04-06,72,Chickpea
2025-04-13,70,Chickpea
2025-04-20,68,Chickpea
2025-04-27,68,Chickpea
2025-05-04,65,Chickpea
2025-05-11,69,Chickpea
2025-05-18,68,Chickpea
2025-05-25,73,Chickpea
2025-06-01,69,Chickpea
2025-06-08,74,Chickpea
2025-06-15,72,Chickpea
2025-06-22,68,Chickpea
2025-06-29,76,Chickpea
2025-07-06,72,Chickpea
2025-07-13,66,Chickpea
2025-07-20,81,Chickpea
2025-07-27,65,Chickpea
2025-08-03,69,Chickpea
2025-08-10,66,Chickpea
2025-08-17,63,Chickpea
2025-08-24,69,Chickpea
2025-08-31,58,Chickpea
2025-09-07,63,Chickpea
2025-09-14,56,Chickpea
2025-09-21,57,Chickpea
2025-09-28,49,Chickpea
2025-10-05,55,Chickpea
2025-10-12,61,Chickpea
2020-10-11,83,Chilli
2020-10-18,76,Chilli
2020-10-25,84,Chilli
2020-11-01,81,Chilli
2020-11-08,75,Chilli
2020-11-15,88,Chilli
2020-11-22,94,Chilli
2020-11-29,87,Chilli
2020-12-06,94,Chilli
2020-12-13,90,Chilli
2020-12-20,92,Chilli
2020-12-27,97,Chilli
2021-01-03,90,Chilli
2021-01-10,82,Chilli
2021-01-17,81,Chilli
2021-01-24,80,Chilli
2021-01-31,73,Chilli
2021-02-07,74,Chilli
2021-02-14,70,Chilli
2021-02-21,70,Chilli
2021-02-28,71,Chilli
2021-03-07,68,Chilli
2021-03-14,66,Chilli
2021-03-21,64,Chilli
2021-03-28,67,Chilli
2021-04-04,65,Chilli
2021-04-11,62,Chilli
2021-04-18,65,Chilli
2021-04-25,73,Chilli
2021-05-02,79,Chilli
2021-05-09,81,Chilli
2021-05-16,92,Chilli
2021-05-23,93,Chilli
2021-05-30,100,Chilli
2021-06-06,92,Chilli
2021-06-13,85,Chilli
2021-06-20,71,Chilli
2021-06-27,79,Chilli
2021-07-04,73,Chilli
2021-07-11,70,Chilli
2021-07-18,69,Chilli
2021-07-25,69,Chilli
2021-08-01,75,Chilli
2021-08-08,68,Chilli
2021-08-15,72,Chilli
2021-08-22,73,Chilli
2021-08-29,63,Chilli
2021-09-05,66,Chilli
2021-09-12,65,Chilli
2021-09-19,63,Chilli
2021-09-26,56,Chilli
2021-10-03,61,Chilli
2021-10-10,65,Chilli
2021-10-17,64,Chilli
2021-10-24,58,Chilli
2021-10-31,59,Chilli
2021-11-07,61,Chilli
2021-11-14,64,Chilli
2021-11-21,67,Chilli
2021-11-28,61,Chilli
2021-12-05,63,Chilli
2021-12-12,61,Chilli
2021-12-19,65,Chilli
2021-12-26,67,Chilli
2022-01-02,73,Chilli
2022-01-09,69,Chilli
2022-01-16,67,Chilli
2022-01-23,78,Chilli
2022-01-30,81,Chilli
2022-02-06,75,Chilli
2022-02-13,87,Chilli
2022-02-20,88,Chilli
2022-02-27,76,Chilli
2022-03-06,86,Chilli
2022-03-13,77,Chilli
2022-03-20,75,Chilli
2022-03-27,68,Chilli
2022-04-03,75,Chilli
2022-04-10,73,Chilli
2022-04-17,71,Chilli
2022-04-24,68,Chilli
2022-05-01,70,Chilli
2022-05-08,71,Chilli
2022-05-15,71,Chilli
2022-05-22,73,Chilli
2022-05-29,75,Chilli
2022-06-05,76,Chilli
2022-06-12,75,Chilli
2022-06-19,79,Chilli
2022-06-26,80,Chilli
2022-07-03,77,Chilli
2022-07-10,77,Chilli
2022-07-17,74,Chilli
2022-07-24,75,Chilli
2022-07-31,78,Chilli
2022-08-07,76,Chilli
2022-08-14,76,Chilli
2022-08-21,76,Chilli
2022-08-28,76,Chilli
2022-09-04,73,Chilli
2022-09-11,76,Chilli
2022-09-18,76,Chilli
2022-09-25,70,Chilli
2022-10-02,76,Chilli
2022-10-09,73,Chilli
2022-10-16,68,Chilli
2022-10-23,69,Chilli
2022-10-30,73,Chilli
2022-11-06,71,Chilli
2022-11-13,78,Chilli
2022-11-20,70,Chilli
2022-11-27,75,Chilli
2022-12-04,70,Chilli
2022-12-11,73,Chilli
2022-12-18,73,Chilli
2022-12-25,77,Chilli
2023-01-01,76,Chilli
2023-01-08,70,Chilli
2023-01-15,71,Chilli
2023-01-22,73,Chilli
2023-01-29,74,Chilli
2023-02-05,75,Chilli
2023-02-12,74,Chilli
2023-02-19,82,Chilli
2023-02-26,72,Chilli
2023-03-05,77,Chilli
2023-03-12,74,Chilli
2023-03-19,73,Chilli
2023-03-26,69,Chilli
2023-04-02,72,Chilli
2023-04-09,71,Chilli
2023-04-16,66,Chilli
2023-04-23,66,Chilli
2023-04-30,68,Chilli
2023-05-07,65,Chilli
2023-05-14,60,Chilli
2023-05-21,65,Chilli
2023-05-28,71,Chilli
2023-06-04,73,Chilli
2023-06-11,77,Chilli
2023-06-18,77,Chilli
2023-06-25,88,Chilli
2023-07-02,90,Chilli
2023-07-09,71,Chilli
2023-07-16,68,Chilli
2023-07-23,73,Chilli
2023-07-30,69,Chilli
2023-08-06,67,Chilli
2023-08-13,70,Chilli
2023-08-20,69,Chilli
2023-08-27,63,Chilli
2023-09-03,69,Chilli
2023-09-10,64,Chilli
2023-09-17,65,Chilli
2023-09-24,67,Chilli
2023-10-01,66,Chilli
2023-10-08,63,Chilli
2023-10-15,62,Chilli
2023-10-22,67,Chilli
2023-10-29,63,Chilli
2023-11-05,62,Chilli
2023-11-12,66,Chilli
2023-11-19,66,Chilli
2023-11-26,70,Chilli
2023-12-03,72,Chilli
2023-12-10,71,Chilli
2023-12-17,65,Chilli
2023-12-24,72,Chilli
2023-12-31,79,Chilli
2024-01-07,74,Chilli
2024-01-14,69,Chilli
2024-01-21,65,Chilli
2024-01-28,69,Chilli
2024-02-04,67,Chilli
2024-02-11,61,Chilli
2024-02-18,61,Chilli
2024-02-25,65,Chilli
2024-03-03,64,Chilli
2024-03-10,68,Chilli
2024-03-17,66,Chilli
2024-03-24,63,Chilli
2024-03-31,61,Chilli
2024-04-07,59,Chilli
2024-04-14,58,Chilli
2024-04-21,61,Chilli
2024-04-28,59,Chilli
2024-05-05,61,Chilli
2024-05-12,62,Chilli
2024-05-19,63,Chilli
2024-05-26,60,Chilli
2024-06-02,59,Chilli
2024-06-09,64,Chilli
2024-06-16,60,Chilli
2024-06-23,62,Chilli
2024-06-30,66,Chilli
2024-07-07,63,Chilli
2024-07-14,66,Chilli
2024-07-21,65,Chilli
2024-07-28,62,Chilli
2024-08-04,65,Chilli
2024-08-11,66,Chilli
2024-08-18,70,Chilli
2024-08-25,77,Chilli
2024-09-01,70,Chilli
2024-09-08,70,Chilli
2024-09-15,68,Chilli
2024-09-22,66,Chilli
2024-09-29,63,Chilli
2024-10-06,64,Chilli
2024-10-13,66,Chilli
2024-10-20,64,Chilli
2024-10-27,62,Chilli
2024-11-03,65,Chilli
2024-11-10,66,Chilli
2024-11-17,63,Chilli
2024-11-24,68,Chilli
2024-12-01,67,Chilli
2024-12-08,69,Chilli
2024-12-15,64,Chilli
2024-12-22,63,Chilli
2024-12-29,68,Chilli
2025-01-05,72,Chilli
2025-01-12,64,Chilli
2025-01-19,73,Chilli
2025-01-26,70,Chilli
2025-02-02,69,Chilli
2025-02-09,71,Chilli
2025-02-16,69,Chilli
2025-02-23,66,Chilli
2025-03-02,67,Chilli
2025-03-09,71,Chilli
2025-03-16,64,Chilli
2025-03-23,59,Chilli
2025-03-30,60,Chilli
2025-04-06,64,Chilli
2025-04-13,63,Chilli
2025-04-20,67,Chilli
2025-04-27,62,Chilli
2025-05-04,60,Chilli
2025-05-11,64,Chilli
2025-05-18,62,Chilli
2025-05-25,65,Chilli
2025-06-01,70,Chilli
2025-06-08,74,Chilli
2025-06-15,63,Chilli
2025-06-22,60,Chilli
2025-06-29,70,Chilli
2025-07-06,66,Chilli
2025-07-13,64,Chilli
2025-07-20,65,Chilli
2025-07-27,65,Chilli
2025-08-03,66,Chilli
2025-08-10,68,Chilli
2025-08-17,71,Chilli
2025-08-24,74,Chilli
2025-08-31,70,Chilli
2025-09-07,65,Chilli
2025-09-14,64,Chilli
2025-09-21,59,Chilli
2025-09-28,70,Chilli
2025-10-05,70,Chilli
2025-10-12,72,Chilli
2020-10-11,78,Coconut
2020-10-18,76,Coconut
2020-10-25,83,Coconut
2020-11-01,83,Coconut
2020-11-08,87,Coconut
2020-11-15,85,Coconut
2020-11-22,87,Coconut
2020-11-29,81,Coconut
2020-12-06,79,Coconut
2020-12-13,79,Coconut
2020-12-20,78,Coconut
2020-12-27,73,Coconut
2021-01-03,76,Coconut
2021-01-10,74,Coconut
2021-01-17,74,Coconut
2021-01-24,84,Coconut
2021-01-31,75,Coconut
2021-02-07,79,Coconut
2021-02-14,76,Coconut
2021-02-21,79,Coconut
2021-02-28,82,Coconut
2021-03-07,81,Coconut
2021-03-14,81,Coconut
2021-03-21,83,Coconut
2021-03-28,87,Coconut
2021-04-04,83,Coconut
2021-04-11,89,Coconut
2021-04-18,90,Coconut
2021-04-25,93,Coconut
2021-05-02,99,Coconut
2021-05-09,99,Coconut
2021-05-16,97,Coconut
2021-05-23,100,Coconut
2021-05-30,95,Coconut
2021-06-06,94,Coconut
2021-06-13,83,Coconut
2021-06-20,84,Coconut
2021-06-27,86,Coconut
2021-07-04,84,Coconut
2021-07-11,83,Coconut
2021-07-18,79,Coconut
2021-07-25,75,Coconut
2021-08-01,78,Coconut
2021-08-08,77,Coconut
2021-08-15,78,Coconut
2021-08-22,82,Coconut
2021-08-29,90,Coconut
2021-09-05,79,Coconut
2021-09-12,74,Coconut
2021-09-19,67,Coconut
2021-09-26,70,Coconut
2021-10-03,69,Coconut
2021-10-10,72,Coconut
2021-10-17,76,Coconut
2021-10-24,72,Coconut
2021-10-31,66,Coconut
2021-11-07,70,Coconut
2021-11-14,70,Coconut
2021-11-21,71,Coconut
2021-11-28,70,Coconut
2021-12-05,69,Coconut
2021-12-12,67,Coconut
2021-12-19,68,Coconut
2021-12-26,62,Coconut
2022-01-02,71,Coconut
2022-01-09,70,Coconut
2022-01-16,69,Coconut
2022-01-23,79,Coconut
2022-01-30,81,Coconut
2022-02-06,77,Coconut
2022-02-13,83,Coconut
2022-02-20,84,Coconut
2022-02-27,86,Coconut
2022-03-06,90,Coconut
2022-03-13,88,Coconut
2022-03-20,84,Coconut
2022-03-27,80,Coconut
2022-04-03,81,Coconut
2022-04-10,75,Coconut
2022-04-17,79,Coconut
2022-04-24,82,Coconut
2022-05-01,79,Coconut
2022-05-08,79,Coconut
2022-05-15,74,Coconut
2022-05-22,75,Coconut
2022-05-29,76,Coconut
2022-06-05,77,Coconut
2022-06-12,77,Coconut
2022-06-19,77,Coconut
2022-06-26,78,Coconut
2022-07-03,74,Coconut
2022-07-10,75,Coconut
2022-07-17,75,Coconut
2022-07-24,76,Coconut
2022-07-31,78,Coconut
2022-08-07,76,Coconut
2022-08-14,79,Coconut
2022-08-21,85,Coconut
2022-08-28,92,Coconut
2022-09-04,80,Coconut
2022-09-11,80,Coconut
2022-09-18,83,Coconut
2022-09-25,81,Coconut
2022-10-02,79,Coconut
2022-10-09,78,Coconut
2022-10-16,80,Coconut
2022-10-23,78,Coconut
2022-10-30,79,Coconut
2022-11-06,80,Coconut
2022-11-13,88,Coconut
2022-11-20,84,Coconut
2022-11-27,85,Coconut
2022-12-04,75,Coconut
2022-12-11,79,Coconut
2022-12-18,77,Coconut
2022-12-25,79,Coconut
2023-01-01,79,Coconut
2023-01-08,76,Coconut
2023-01-15,76,Coconut
2023-01-22,79,Coconut
2023-01-29,77,Coconut
2023-02-05,82,Coconut
2023-02-12,87,Coconut
2023-02-19,93,Coconut
2023-02-26,89,Coconut
2023-03-05,88,Coconut
2023-03-12,90,Coconut
2023-03-19,85,Coconut
2023-03-26,87,Coconut
2023-04-02,83,Coconut
2023-04-09,86,Coconut
2023-04-16,86,Coconut
2023-04-23,83,Coconut
2023-04-30,77,Coconut
2023-05-07,73,Coconut
2023-05-14,80,Coconut
2023-05-21,79,Coconut
2023-05-28,84,Coconut
2023-06-04,82,Coconut
2023-06-11,89,Coconut
2023-06-18,82,Coconut
2023-06-25,86,Coconut
2023-07-02,83,Coconut
2023-07-09,74,Coconut
2023-07-16,76,Coconut
2023-07-23,79,Coconut
2023-07-30,79,Coconut
2023-08-06,86,Coconut
2023-08-13,85,Coconut
2023-08-20,81,Coconut
2023-08-27,93,Coconut
2023-09-03,88,Coconut
2023-09-10,83,Coconut
2023-09-17,87,Coconut
2023-09-24,86,Coconut
2023-10-01,89,Coconut
2023-10-08,80,Coconut
2023-10-15,77,Coconut
2023-10-22,85,Coconut
2023-10-29,78,Coconut
2023-11-05,79,Coconut
2023-11-12,79,Coconut
2023-11-19,83,Coconut
2023-11-26,84,Coconut
2023-12-03,80,Coconut
2023-12-10,85,Coconut
2023-12-17,80,Coconut
2023-12-24,79,Coconut
2023-12-31,78,Coconut
2024-01-07,81,Coconut
2024-01-14,79,Coconut
2024-01-21,77,Coconut
2024-01-28,83,Coconut
2024-02-04,80,Coconut
2024-02-11,83,Coconut
2024-02-18,85,Coconut
2024-02-25,85,Coconut
2024-03-03,84,Coconut
2024-03-10,86,Coconut
2024-03-17,80,Coconut
2024-03-24,82,Coconut
2024-03-31,80,Coconut
2024-04-07,84,Coconut
2024-04-14,81,Coconut
2024-04-21,83,Coconut
2024-04-28,82,Coconut
2024-05-05,75,Coconut
2024-05-12,73,Coconut
2024-05-19,77,Coconut
2024-05-26,77,Coconut
2024-06-02,67,Coconut
2024-06-09,76,Coconut
2024-06-16,69,Coconut
2024-06-23,72,Coconut
2024-06-30,74,Coconut
2024-07-07,75,Coconut
2024-07-14,80,Coconut
2024-07-21,78,Coconut
2024-07-28,76,Coconut
2024-08-04,77,Coconut
2024-08-11,80,Coconut
2024-08-18,85,Coconut
2024-08-25,79,Coconut
2024-09-01,88,Coconut
2024-09-08,87,Coconut
2024-09-15,88,Coconut
2024-09-22,83,Coconut
2024-09-29,85,Coconut
2024-10-06,77,Coconut
2024-10-13,78,Coconut
2024-10-20,84,Coconut
2024-10-27,79,Coconut
2024-11-03,84,Coconut
2024-11-10,82,Coconut
2024-11-17,85,Coconut
2024-11-24,82,Coconut
2024-12-01,79,Coconut
2024-12-08,80,Coconut
2024-12-15,80,Coconut
2024-12-22,70,Coconut
2024-12-29,78,Coconut
2025-01-05,86,Coconut
2025-01-12,78,Coconut
2025-01-19,80,Coconut
2025-01-26,79,Coconut
2025-02-02,84,Coconut
2025-02-09,82,Coconut
2025-02-16,82,Coconut
2025-02-23,87,Coconut
2025-03-02,83,Coconut
2025-03-09,90,Coconut
2025-03-16,90,Coconut
2025-03-23,77,Coconut
2025-03-30,82,Coconut
2025-04-06,84,Coconut
2025-04-13,79,Coconut
2025-04-20,81,Coconut
2025-04-27,82,Coconut
2025-05-04,76,Coconut
2025-05-11,80,Coconut
2025-05-18,79,Coconut
2025-05-25,75,Coconut
2025-06-01,82,Coconut
2025-06-08,81,Coconut
2025-06-15,80,Coconut
2025-06-22,83,Coconut
2025-06-29,86,Coconut
2025-07-06,85,Coconut
2025-07-13,86,Coconut
2025-07-20,83,Coconut
2025-07-27,84,Coconut
2025-08-03,91,Coconut
2025-08-10,90,Coconut
2025-08-17,93,Coconut
2025-08-24,93,Coconut
2025-08-31,96,Coconut
2025-09-07,81,Coconut
2025-09-14,79,Coconut
2025-09-21,80,Coconut
2025-09-28,77,Coconut
2025-10-05,86,Coconut
2025-10-12,94,Coconut
2020-10-11,56,Coffee
2020-10-18,59,Coffee
2020-10-25,57,Coffee
2020-11-01,59,Coffee
2020-11-08,58,Coffee
2020-11-15,64,Coffee
2020-11-22,65,Coffee
2020-11-29,69,Coffee
2020-12-06,72,Coffee
2020-12-13,72,Coffee
2020-12-20,70,Coffee
2020-12-27,72,Coffee
2021-01-03,70,Coffee
2021-01-10,66,Coffee
2021-01-17,70,Coffee
2021-01-24,71,Coffee
2021-01-31,72,Coffee
2021-02-07,66,Coffee
2021-02-14,67,Coffee
2021-02-21,71,Coffee
2021-02-28,70,Coffee
2021-03-07,67,Coffee
2021-03-14,63,Coffee
2021-03-21,70,Coffee
2021-03-28,77,Coffee
2021-04-04,67,Coffee
2021-04-11,61,Coffee
2021-04-18,59,Coffee
2021-04-25,56,Coffee
2021-05-02,60,Coffee
2021-05-09,65,Coffee
2021-05-16,68,Coffee
2021-05-23,72,Coffee
2021-05-30,71,Coffee
2021-06-06,67,Coffee
2021-06-13,67,Coffee
2021-06-20,65,Coffee
2021-06-27,72,Coffee
2021-07-04,73,Coffee
2021-07-11,70,Coffee
2021-07-18,72,Coffee
2021-07-25,75,Coffee
2021-08-01,73,Coffee
2021-08-08,70,Coffee
2021-08-15,69,Coffee
2021-08-22,73,Coffee
2021-08-29,68,Coffee
2021-09-05,69,Coffee
2021-09-12,69,Coffee
2021-09-19,67,Coffee
2021-09-26,71,Coffee
2021-10-03,72,Coffee
2021-10-10,67,Coffee
2021-10-17,73,Coffee
2021-10-24,69,Coffee
2021-10-31,63,Coffee
2021-11-07,72,Coffee
2021-11-14,73,Coffee
2021-11-21,74,Coffee
2021-11-28,76,Coffee
2021-12-05,77,Coffee
2021-12-12,78,Coffee
2021-12-19,77,Coffee
2021-12-26,73,Coffee
2022-01-02,84,Coffee
2022-01-09,83,Coffee
2022-01-16,83,Coffee
2022-01-23,86,Coffee
2022-01-30,87,Coffee
2022-02-06,85,Coffee
2022-02-13,87,Coffee
2022-02-20,86,Coffee
2022-02-27,84,Coffee
2022-03-06,80,Coffee
2022-03-13,80,Coffee
2022-03-20,79,Coffee
2022-03-27,77,Coffee
2022-04-03,74,Coffee
2022-04-10,72,Coffee
2022-04-17,73,Coffee
2022-04-24,76,Coffee
2022-05-01,73,Coffee
2022-05-08,72,Coffee
2022-05-15,74,Coffee
2022-05-22,78,Coffee
2022-05-29,79,Coffee
2022-06-05,84,Coffee
2022-06-12,78,Coffee
2022-06-19,83,Coffee
2022-06-26,79,Coffee
2022-07-03,80,Coffee
2022-07-10,80,Coffee
2022-07-17,83,Coffee
2022-07-24,80,Coffee
2022-07-31,82,Coffee
2022-08-07,82,Coffee
2022-08-14,81,Coffee
2022-08-21,88,Coffee
2022-08-28,78,Coffee
2022-09-04,79,Coffee
2022-09-11,86,Coffee
2022-09-18,83,Coffee
2022-09-25,84,Coffee
2022-10-02,80,Coffee
2022-10-09,80,Coffee
2022-10-16,76,Coffee
2022-10-23,72,Coffee
2022-10-30,84,Coffee
2022-11-06,91,Coffee
2022-11-13,89,Coffee
2022-11-20,89,Coffee
2022-11-27,95,Coffee
2022-12-04,88,Coffee
2022-12-11,94,Coffee
2022-12-18,92,Coffee
2022-12-25,98,Coffee
2023-01-01,94,Coffee
2023-01-08,86,Coffee
2023-01-15,90,Coffee
2023-01-22,88,Coffee
2023-01-29,85,Coffee
2023-02-05,85,Coffee
2023-02-12,79,Coffee
2023-02-19,89,Coffee
2023-02-26,88,Coffee
2023-03-05,77,Coffee
2023-03-12,82,Coffee
2023-03-19,80,Coffee
2023-03-26,76,Coffee
2023-04-02,72,Coffee
2023-04-09,78,Coffee
2023-04-16,75,Coffee
2023-04-23,75,Coffee
2023-04-30,74,Coffee
2023-05-07,74,Coffee
2023-05-14,71,Coffee
2023-05-21,76,Coffee
2023-05-28,79,Coffee
2023-06-04,78,Coffee
2023-06-11,85,Coffee
2023-06-18,85,Coffee
2023-06-25,81,Coffee
2023-07-02,90,Coffee
2023-07-09,93,Coffee
2023-07-16,89,Coffee
2023-07-23,92,Coffee
2023-07-30,87,Coffee
2023-08-06,86,Coffee
2023-08-13,88,Coffee
2023-08-20,91,Coffee
2023-08-27,86,Coffee
2023-09-03,85,Coffee
2023-09-10,86,Coffee
2023-09-17,86,Coffee
2023-09-24,83,Coffee
2023-10-01,86,Coffee
2023-10-08,77,Coffee
2023-10-15,81,Coffee
2023-10-22,81,Coffee
2023-10-29,79,Coffee
2023-11-05,82,Coffee
2023-11-12,80,Coffee
2023-11-19,85,Coffee
2023-11-26,90,Coffee
2023-12-03,87,Coffee
2023-12-10,97,Coffee
2023-12-17,95,Coffee
2023-12-24,95,Coffee
2023-12-31,91,Coffee
2024-01-07,93,Coffee
2024-01-14,92,Coffee
2024-01-21,84,Coffee
2024-01-28,90,Coffee
2024-02-04,83,Coffee
2024-02-11,86,Coffee
2024-02-18,84,Coffee
2024-02-25,84,Coffee
2024-03-03,84,Coffee
2024-03-10,80,Coffee
2024-03-17,79,Coffee
2024-03-24,76,Coffee
2024-03-31,77,Coffee
2024-04-07,84,Coffee
2024-04-14,80,Coffee
2024-04-21,76,Coffee
2024-04-28,79,Coffee
2024-05-05,73,Coffee
2024-05-12,75,Coffee
2024-05-19,77,Coffee
2024-05-26,81,Coffee
2024-06-02,72,Coffee
2024-06-09,79,Coffee
2024-06-16,83,Coffee
2024-06-23,81,Coffee
2024-06-30,81,Coffee
2024-07-07,87,Coffee
2024-07-14,84,Coffee
2024-07-21,84,Coffee
2024-07-28,81,Coffee
2024-08-04,81,Coffee
2024-08-11,93,Coffee
2024-08-18,88,Coffee
2024-08-25,88,Coffee
2024-09-01,84,Coffee
2024-09-08,87,Coffee
2024-09-15,94,Coffee
2024-09-22,89,Coffee
2024-09-29,94,Coffee
2024-10-06,92,Coffee
2024-10-13,84,Coffee
2024-10-20,86,Coffee
2024-10-27,81,Coffee
2024-11-03,84,Coffee
2024-11-10,94,Coffee
2024-11-17,91,Coffee
2024-11-24,91,Coffee
2024-12-01,89,Coffee
2024-12-08,93,Coffee
2024-12-15,97,Coffee
2024-12-22,94,Coffee
2024-12-29,95,Coffee
2025-01-05,96,Coffee
2025-01-12,93,Coffee
2025-01-19,99,Coffee
2025-01-26,90,Coffee
2025-02-02,98,Coffee
2025-02-09,92,Coffee
2025-02-16,91,Coffee
2025-02-23,90,Coffee
2025-03-02,94,Coffee
2025-03-09,97,Coffee
2025-03-16,93,Coffee
2025-03-23,80,Coffee
2025-03-30,86,Coffee
2025-04-06,86,Coffee
2025-04-13,90,Coffee
2025-04-20,85,Coffee
2025-04-27,87,Coffee
2025-05-04,81,Coffee
2025-05-11,90,Coffee
2025-05-18,88,Coffee
2025-05-25,89,Coffee
2025-06-01,89,Coffee
2025-06-08,95,Coffee
2025-06-15,94,Coffee
2025-06-22,93,Coffee
2025-06-29,95,Coffee
2025-07-06,95,Coffee
2025-07-13,97,Coffee
2025-07-20,100,Coffee
2025-07-27,97,Coffee
2025-08-03,100,Coffee
2025-08-10,99,Coffee
2025-08-17,98,Coffee
2025-08-24,94,Coffee
2025-08-31,96,Coffee
2025-09-07,90,Coffee
2025-09-14,90,Coffee
2025-09-21,91,Coffee
2025-09-28,92,Coffee
2025-10-05,96,Coffee
2025-10-12,98,Coffee
2020-10-11,71,Cotton
2020-10-18,70,Cotton
2020-10-25,69,Cotton
2020-11-01,71,Cotton
2020-11-08,65,Cotton
2020-11-15,65,Cotton
2020-11-22,65,Cotton
2020-11-29,62,Cotton
2020-12-06,65,Cotton
2020-12-13,68,Cotton
2020-12-20,62,Cotton
2020-12-27,54,Cotton
2021-01-03,62,Cotton
2021-01-10,60,Cotton
2021-01-17,60,Cotton
2021-01-24,60,Cotton
2021-01-31,61,Cotton
2021-02-07,66,Cotton
2021-02-14,67,Cotton
2021-02-21,69,Cotton
2021-02-28,73,Cotton
2021-03-07,73,Cotton
2021-03-14,73,Cotton
2021-03-21,70,Cotton
2021-03-28,67,Cotton
2021-04-04,68,Cotton
2021-04-11,62,Cotton
2021-04-18,61,Cotton
2021-04-25,58,Cotton
2021-05-02,64,Cotton
2021-05-09,62,Cotton
2021-05-16,61,Cotton
2021-05-23,67,Cotton
2021-05-30,72,Cotton
2021-06-06,71,Cotton
2021-06-13,70,Cotton
2021-06-20,70,Cotton
2021-06-27,71,Cotton
2021-07-04,74,Cotton
2021-07-11,73,Cotton
2021-07-18,69,Cotton
2021-07-25,68,Cotton
2021-08-01,70,Cotton
2021-08-08,69,Cotton
2021-08-15,69,Cotton
2021-08-22,65,Cotton
2021-08-29,63,Cotton
2021-09-05,68,Cotton
2021-09-12,67,Cotton
2021-09-19,69,Cotton
2021-09-26,64,Cotton
2021-10-03,67,Cotton
2021-10-10,69,Cotton
2021-10-17,74,Cotton
2021-10-24,73,Cotton
2021-10-31,59,Cotton
2021-11-07,65,Cotton
2021-11-14,63,Cotton
2021-11-21,66,Cotton
2021-11-28,69,Cotton
2021-12-05,66,Cotton
2021-12-12,65,Cotton
2021-12-19,64,Cotton
2021-12-26,65,Cotton
2022-01-02,88,Cotton
2022-01-09,85,Cotton
2022-01-16,77,Cotton
2022-01-23,80,Cotton
2022-01-30,89,Cotton
2022-02-06,84,Cotton
2022-02-13,88,Cotton
2022-02-20,96,Cotton
2022-02-27,96,Cotton
2022-03-06,96,Cotton
2022-03-13,99,Cotton
2022-03-20,100,Cotton
2022-03-27,93,Cotton
2022-04-03,93,Cotton
2022-04-10,89,Cotton
2022-04-17,90,Cotton
2022-04-24,89,Cotton
2022-05-01,82,Cotton
2022-05-08,84,Cotton
2022-05-15,86,Cotton
2022-05-22,76,Cotton
2022-05-29,79,Cotton
2022-06-05,80,Cotton
2022-06-12,74,Cotton
2022-06-19,77,Cotton
2022-06-26,75,Cotton
2022-07-03,76,Cotton
2022-07-10,72,Cotton
2022-07-17,71,Cotton
2022-07-24,71,Cotton
2022-07-31,75,Cotton
2022-08-07,72,Cotton
2022-08-14,72,Cotton
2022-08-21,76,Cotton
2022-08-28,73,Cotton
2022-09-04,70,Cotton
2022-09-11,75,Cotton
2022-09-18,81,Cotton
2022-09-25,75,Cotton
2022-10-02,79,Cotton
2022-10-09,80,Cotton
2022-10-16,80,Cotton
2022-10-23,69,Cotton
2022-10-30,73,Cotton
2022-11-06,74,Cotton
2022-11-13,82,Cotton
2022-11-20,84,Cotton
2022-11-27,85,Cotton
2022-12-04,75,Cotton
2022-12-11,80,Cotton
2022-12-18,81,Cotton
2022-12-25,89,Cotton
2023-01-01,83,Cotton
2023-01-08,76,Cotton
2023-01-15,70,Cotton
2023-01-22,74,Cotton
2023-01-29,76,Cotton
2023-02-05,71,Cotton
2023-02-12,77,Cotton
2023-02-19,83,Cotton
2023-02-26,83,Cotton
2023-03-05,83,Cotton
2023-03-12,88,Cotton
2023-03-19,79,Cotton
2023-03-26,83,Cotton
2023-04-02,90,Cotton
2023-04-09,92,Cotton
2023-04-16,86,Cotton
2023-04-23,85,Cotton
2023-04-30,83,Cotton
2023-05-07,83,Cotton
2023-05-14,84,Cotton
2023-05-21,83,Cotton
2023-05-28,90,Cotton
2023-06-04,93,Cotton
2023-06-11,89,Cotton
2023-06-18,84,Cotton
2023-06-25,79,Cotton
2023-07-02,84,Cotton
2023-07-09,73,Cotton
2023-07-16,73,Cotton
2023-07-23,80,Cotton
2023-07-30,77,Cotton
2023-08-06,79,Cotton
2023-08-13,84,Cotton
2023-08-20,78,Cotton
2023-08-27,77,Cotton
2023-09-03,76,Cotton
2023-09-10,75,Cotton
2023-09-17,71,Cotton
2023-09-24,73,Cotton
2023-10-01,72,Cotton
2023-10-08,70,Cotton
2023-10-15,71,Cotton
2023-10-22,71,Cotton
2023-10-29,70,Cotton
2023-11-05,71,Cotton
2023-11-12,64,Cotton
2023-11-19,68,Cotton
2023-11-26,69,Cotton
2023-12-03,70,Cotton
2023-12-10,74,Cotton
2023-12-17,72,Cotton
2023-12-24,64,Cotton
2023-12-31,67,Cotton
2024-01-07,68,Cotton
2024-01-14,68,Cotton
2024-01-21,64,Cotton
2024-01-28,67,Cotton
2024-02-04,67,Cotton
2024-02-11,70,Cotton
2024-02-18,75,Cotton
2024-02-25,80,Cotton
2024-03-03,84,Cotton
2024-03-10,91,Cotton
2024-03-17,85,Cotton
2024-03-24,76,Cotton
2024-03-31,86,Cotton
2024-04-07,82,Cotton
2024-04-14,79,Cotton
2024-04-21,77,Cotton
2024-04-28,76,Cotton
2024-05-05,78,Cotton
2024-05-12,73,Cotton
2024-05-19,80,Cotton
2024-05-26,81,Cotton
2024-06-02,71,Cotton
2024-06-09,78,Cotton
2024-06-16,76,Cotton
2024-06-23,71,Cotton
2024-06-30,72,Cotton
2024-07-07,67,Cotton
2024-07-14,69,Cotton
2024-07-21,69,Cotton
2024-07-28,72,Cotton
2024-08-04,73,Cotton
2024-08-11,71,Cotton
2024-08-18,67,Cotton
2024-08-25,70,Cotton
2024-09-01,71,Cotton
2024-09-08,75,Cotton
2024-09-15,73,Cotton
2024-09-22,72,Cotton
2024-09-29,77,Cotton
2024-10-06,67,Cotton
2024-10-13,69,Cotton
2024-10-20,73,Cotton
2024-10-27,65,Cotton
2024-11-03,65,Cotton
2024-11-10,63,Cotton
2024-11-17,64,Cotton
2024-11-24,64,Cotton
2024-12-01,66,Cotton
2024-12-08,66,Cotton
2024-12-15,61,Cotton
2024-12-22,59,Cotton
2024-12-29,66,Cotton
2025-01-05,69,Cotton
2025-01-12,62,Cotton
2025-01-19,66,Cotton
2025-01-26,69,Cotton
2025-02-02,71,Cotton
2025-02-09,69,Cotton
2025-02-16,72,Cotton
2025-02-23,79,Cotton
2025-03-02,79,Cotton
2025-03-09,86,Cotton
2025-03-16,91,Cotton
2025-03-23,83,Cotton
2025-03-30,77,Cotton
2025-04-06,86,Cotton
2025-04-13,87,Cotton
2025-04-20,87,Cotton
2025-04-27,99,Cotton
2025-05-04,94,Cotton
2025-05-11,91,Cotton
2025-05-18,84,Cotton
2025-05-25,81,Cotton
2025-06-01,77,Cotton
2025-06-08,83,Cotton
2025-06-15,80,Cotton
2025-06-22,75,Cotton
2025-06-29,77,Cotton
2025-07-06,76,Cotton
2025-07-13,78,Cotton
2025-07-20,75,Cotton
2025-07-27,78,Cotton
2025-08-03,80,Cotton
2025-08-10,79,Cotton
2025-08-17,75,Cotton
2025-08-24,77,Cotton
2025-08-31,82,Cotton
2025-09-07,72,Cotton
2025-09-14,79,Cotton
2025-09-21,73,Cotton
2025-09-28,72,Cotton
2025-10-05,77,Cotton
2025-10-12,82,Cotton
2020-10-11,55,Lentil
2020-10-18,65,Lentil
2020-10-25,56,Lentil
2020-11-01,64,Lentil
2020-11-08,63,Lentil
2020-11-15,56,Lentil
2020-11-22,61,Lentil
2020-11-29,65,Lentil
2020-12-06,72,Lentil
2020-12-13,70,Lentil
2020-12-20,70,Lentil
2020-12-27,66,Lentil
2021-01-03,70,Lentil
2021-01-10,67,Lentil
2021-01-17,64,Lentil
2021-01-24,69,Lentil
2021-01-31,73,Lentil
2021-02-07,63,Lentil
2021-02-14,69,Lentil
2021-02-21,68,Lentil
2021-02-28,66,Lentil
2021-03-07,79,Lentil
2021-03-14,83,Lentil
2021-03-21,70,Lentil
2021-03-28,67,Lentil
2021-04-04,65,Lentil
2021-04-11,70,Lentil
2021-04-18,69,Lentil
2021-04-25,76,Lentil
2021-05-02,70,Lentil
2021-05-09,73,Lentil
2021-05-16,87,Lentil
2021-05-23,100,Lentil
2021-05-30,87,Lentil
2021-06-06,89,Lentil
2021-06-13,79,Lentil
2021-06-20,74,Lentil
2021-06-27,71,Lentil
2021-07-04,56,Lentil
2021-07-11,61,Lentil
2021-07-18,68,Lentil
2021-07-25,66,Lentil
2021-08-01,58,Lentil
2021-08-08,64,Lentil
2021-08-15,53,Lentil
2021-08-22,58,Lentil
2021-08-29,62,Lentil
2021-09-05,62,Lentil
2021-09-12,58,Lentil
2021-09-19,60,Lentil
2021-09-26,67,Lentil
2021-10-03,62,Lentil
2021-10-10,44,Lentil
2021-10-17,47,Lentil
2021-10-24,58,Lentil
2021-10-31,42,Lentil
2021-11-07,49,Lentil
2021-11-14,49,Lentil
2021-11-21,53,Lentil
2021-11-28,67,Lentil
2021-12-05,62,Lentil
2021-12-12,57,Lentil
2021-12-19,55,Lentil
2021-12-26,37,Lentil
2022-01-02,60,Lentil
2022-01-09,58,Lentil
2022-01-16,60,Lentil
2022-01-23,66,Lentil
2022-01-30,59,Lentil
2022-02-06,57,Lentil
2022-02-13,75,Lentil
2022-02-20,89,Lentil
2022-02-27,87,Lentil
2022-03-06,78,Lentil
2022-03-13,71,Lentil
2022-03-20,82,Lentil
2022-03-27,66,Lentil
2022-04-03,76,Lentil
2022-04-10,67,Lentil
2022-04-17,68,Lentil
2022-04-24,80,Lentil
2022-05-01,63,Lentil
2022-05-08,60,Lentil
2022-05-15,65,Lentil
2022-05-22,63,Lentil
2022-05-29,58,Lentil
2022-06-05,62,Lentil
2022-06-12,58,Lentil
2022-06-19,70,Lentil
2022-06-26,74,Lentil
2022-07-03,70,Lentil
2022-07-10,63,Lentil
2022-07-17,65,Lentil
2022-07-24,72,Lentil
2022-07-31,57,Lentil
2022-08-07,55,Lentil
2022-08-14,64,Lentil
2022-08-21,75,Lentil
2022-08-28,64,Lentil
2022-09-04,59,Lentil
2022-09-11,70,Lentil
2022-09-18,61,Lentil
2022-09-25,53,Lentil
2022-10-02,46,Lentil
2022-10-09,58,Lentil
2022-10-16,62,Lentil
2022-10-23,51,Lentil
2022-10-30,59,Lentil
2022-11-06,63,Lentil
2022-11-13,76,Lentil
2022-11-20,64,Lentil
2022-11-27,58,Lentil
2022-12-04,60,Lentil
2022-12-11,56,Lentil
2022-12-18,56,Lentil
2022-12-25,51,Lentil
2023-01-01,56,Lentil
2023-01-08,60,Lentil
2023-01-15,61,Lentil
2023-01-22,49,Lentil
2023-01-29,60,Lentil
2023-02-05,63,Lentil
2023-02-12,58,Lentil
2023-02-19,64,Lentil
2023-02-26,63,Lentil
2023-03-05,57,Lentil
2023-03-12,66,Lentil
2023-03-19,58,Lentil
2023-03-26,60,Lentil
2023-04-02,60,Lentil
2023-04-09,70,Lentil
2023-04-16,58,Lentil
2023-04-23,60,Lentil
2023-04-30,59,Lentil
2023-05-07,61,Lentil
2023-05-14,60,Lentil
2023-05-21,62,Lentil
2023-05-28,60,Lentil
2023-06-04,55,Lentil
2023-06-11,70,Lentil
2023-06-18,68,Lentil
2023-06-25,75,Lentil
2023-07-02,77,Lentil
2023-07-09,75,Lentil
2023-07-16,67,Lentil
2023-07-23,68,Lentil
2023-07-30,66,Lentil
2023-08-06,65,Lentil
2023-08-13,69,Lentil
2023-08-20,66,Lentil
2023-08-27,62,Lentil
2023-09-03,58,Lentil
2023-09-10,61,Lentil
2023-09-17,65,Lentil
2023-09-24,75,Lentil
2023-10-01,66,Lentil
2023-10-08,61,Lentil
2023-10-15,55,Lentil
2023-10-22,58,Lentil
2023-10-29,64,Lentil
2023-11-05,64,Lentil
2023-11-12,50,Lentil
2023-11-19,59,Lentil
2023-11-26,67,Lentil
2023-12-03,68,Lentil
2023-12-10,80,Lentil
2023-12-17,61,Lentil
2023-12-24,57,Lentil
2023-12-31,65,Lentil
2024-01-07,63,Lentil
2024-01-14,66,Lentil
2024-01-21,62,Lentil
2024-01-28,77,Lentil
2024-02-04,72,Lentil
2024-02-11,67,Lentil
2024-02-18,68,Lentil
2024-02-25,71,Lentil
2024-03-03,75,Lentil
2024-03-10,68,Lentil
2024-03-17,74,Lentil
2024-03-24,54,Lentil
2024-03-31,70,Lentil
2024-04-07,63,Lentil
2024-04-14,58,Lentil
2024-04-21,69,Lentil
2024-04-28,64,Lentil
2024-05-05,71,Lentil
2024-05-12,65,Lentil
2024-05-19,63,Lentil
2024-05-26,59,Lentil
2024-06-02,55,Lentil
2024-06-09,68,Lentil
2024-06-16,66,Lentil
2024-06-23,68,Lentil
2024-06-30,79,Lentil
2024-07-07,64,Lentil
2024-07-14,73,Lentil
2024-07-21,73,Lentil
2024-07-28,64,Lentil
2024-08-04,63,Lentil
2024-08-11,57,Lentil
2024-08-18,65,Lentil
2024-08-25,68,Lentil
2024-09-01,73,Lentil
2024-09-08,66,Lentil
2024-09-15,65,Lentil
2024-09-22,70,Lentil
2024-09-29,63,Lentil
2024-10-06,51,Lentil
2024-10-13,70,Lentil
2024-10-20,68,Lentil
2024-10-27,55,Lentil
2024-11-03,64,Lentil
2024-11-10,66,Lentil
2024-11-17,61,Lentil
2024-11-24,65,Lentil
2024-12-01,60,Lentil
2024-12-08,69,Lentil
2024-12-15,75,Lentil
2024-12-22,57,Lentil
2024-12-29,56,Lentil
2025-01-05,72,Lentil
2025-01-12,68,Lentil
2025-01-19,78,Lentil
2025-01-26,76,Lentil
2025-02-02,61,Lentil
2025-02-09,68,Lentil
2025-02-16,76,Lentil
2025-02-23,63,Lentil
2025-03-02,61,Lentil
2025-03-09,61,Lentil
2025-03-16,70,Lentil
2025-03-23,73,Lentil
2025-03-30,62,Lentil
2025-04-06,68,Lentil
2025-04-13,61,Lentil
2025-04-20,64,Lentil
2025-04-27,58,Lentil
2025-05-04,74,Lentil
2025-05-11,64,Lentil
2025-05-18,73,Lentil
2025-05-25,60,Lentil
2025-06-01,68,Lentil
2025-06-08,66,Lentil
2025-06-15,71,Lentil
2025-06-22,78,Lentil
2025-06-29,71,Lentil
2025-07-06,68,Lentil
2025-07-13,64,Lentil
2025-07-20,70,Lentil
2025-07-27,72,Lentil
2025-08-03,67,Lentil
2025-08-10,65,Lentil
2025-08-17,68,Lentil
2025-08-24,55,Lentil
2025-08-31,67,Lentil
2025-09-07,56,Lentil
2025-09-14,48,Lentil
2025-09-21,48,Lentil
2025-09-28,48,Lentil
2025-10-05,59,Lentil
2025-10-12,62,Lentil
2020-10-11,78,Maize
2020-10-18,70,Maize
2020-10-25,67,Maize
2020-11-01,75,Maize
2020-11-08,65,Maize
2020-11-15,71,Maize
2020-11-22,81,Maize
2020-11-29,72,Maize
2020-12-06,78,Maize
2020-12-13,87,Maize
2020-12-20,78,Maize
2020-12-27,73,Maize
2021-01-03,70,Maize
2021-01-10,66,Maize
2021-01-17,77,Maize
2021-01-24,71,Maize
2021-01-31,73,Maize
2021-02-07,68,Maize
2021-02-14,69,Maize
2021-02-21,74,Maize
2021-02-28,74,Maize
2021-03-07,68,Maize
2021-03-14,70,Maize
2021-03-21,63,Maize
2021-03-28,54,Maize
2021-04-04,62,Maize
2021-04-11,54,Maize
2021-04-18,57,Maize
2021-04-25,54,Maize
2021-05-02,58,Maize
2021-05-09,63,Maize
2021-05-16,65,Maize
2021-05-23,72,Maize
2021-05-30,74,Maize
2021-06-06,86,Maize
2021-06-13,83,Maize
2021-06-20,77,Maize
2021-06-27,82,Maize
2021-07-04,82,Maize
2021-07-11,85,Maize
2021-07-18,78,Maize
2021-07-25,85,Maize
2021-08-01,85,Maize
2021-08-08,82,Maize
2021-08-15,79,Maize
2021-08-22,80,Maize
2021-08-29,76,Maize
2021-09-05,85,Maize
2021-09-12,81,Maize
2021-09-19,75,Maize
2021-09-26,70,Maize
2021-10-03,66,Maize
2021-10-10,59,Maize
2021-10-17,72,Maize
2021-10-24,76,Maize
2021-10-31,52,Maize
2021-11-07,72,Maize
2021-11-14,71,Maize
2021-11-21,83,Maize
2021-11-28,81,Maize
2021-12-05,71,Maize
2021-12-12,77,Maize
2021-12-19,61,Maize
2021-12-26,53,Maize
2022-01-02,69,Maize
2022-01-09,59,Maize
2022-01-16,66,Maize
2022-01-23,79,Maize
2022-01-30,74,Maize
2022-02-06,69,Maize
2022-02-13,85,Maize
2022-02-20,84,Maize
2022-02-27,73,Maize
2022-03-06,76,Maize
2022-03-13,75,Maize
2022-03-20,70,Maize
2022-03-27,64,Maize
2022-04-03,71,Maize
2022-04-10,62,Maize
2022-04-17,72,Maize
2022-04-24,72,Maize
2022-05-01,71,Maize
2022-05-08,69,Maize
2022-05-15,65,Maize
2022-05-22,67,Maize
2022-05-29,70,Maize
2022-06-05,74,Maize
2022-06-12,73,Maize
2022-06-19,77,Maize
2022-06-26,77,Maize
2022-07-03,76,Maize
2022-07-10,73,Maize
2022-07-17,75,Maize
2022-07-24,69,Maize
2022-07-31,65,Maize
2022-08-07,60,Maize
2022-08-14,66,Maize
2022-08-21,72,Maize
2022-08-28,68,Maize
2022-09-04,70,Maize
2022-09-11,80,Maize
2022-09-18,79,Maize
2022-09-25,68,Maize
2022-10-02,62,Maize
2022-10-09,76,Maize
2022-10-16,69,Maize
2022-10-23,53,Maize
2022-10-30,75,Maize
2022-11-06,75,Maize
2022-11-13,77,Maize
2022-11-20,76,Maize
2022-11-27,75,Maize
2022-12-04,74,Maize
2022-12-11,77,Maize
2022-12-18,72,Maize
2022-12-25,75,Maize
2023-01-01,76,Maize
2023-01-08,75,Maize
2023-01-15,75,Maize
2023-01-22,77,Maize
2023-01-29,78,Maize
2023-02-05,68,Maize
2023-02-12,66,Maize
2023-02-19,69,Maize
2023-02-26,65,Maize
2023-03-05,66,Maize
2023-03-12,72,Maize
2023-03-19,60,Maize
2023-03-26,59,Maize
2023-04-02,63,Maize
2023-04-09,68,Maize
2023-04-16,64,Maize
2023-04-23,66,Maize
2023-04-30,69,Maize
2023-05-07,61,Maize
2023-05-14,58,Maize
2023-05-21,61,Maize
2023-05-28,65,Maize
2023-06-04,71,Maize
2023-06-11,73,Maize
2023-06-18,79,Maize
2023-06-25,80,Maize
2023-07-02,80,Maize
2023-07-09,75,Maize
2023-07-16,74,Maize
2023-07-23,76,Maize
2023-07-30,74,Maize
2023-08-06,72,Maize
2023-08-13,67,Maize
2023-08-20,72,Maize
2023-08-27,66,Maize
2023-09-03,65,Maize
2023-09-10,73,Maize
2023-09-17,74,Maize
2023-09-24,68,Maize
2023-10-01,72,Maize
2023-10-08,69,Maize
2023-10-15,66,Maize
2023-10-22,64,Maize
2023-10-29,75,Maize
2023-11-05,64,Maize
2023-11-12,57,Maize
2023-11-19,73,Maize
2023-11-26,71,Maize
2023-12-03,83,Maize
2023-12-10,98,Maize
2023-12-17,69,Maize
2023-12-24,63,Maize
2023-12-31,71,Maize
2024-01-07,81,Maize
2024-01-14,73,Maize
2024-01-21,68,Maize
2024-01-28,78,Maize
2024-02-04,71,Maize
2024-02-11,67,Maize
2024-02-18,72,Maize
2024-02-25,66,Maize
2024-03-03,72,Maize
2024-03-10,64,Maize
2024-03-17,67,Maize
2024-03-24,52,Maize
2024-03-31,61,Maize
2024-04-07,63,Maize
2024-04-14,59,Maize
2024-04-21,62,Maize
2024-04-28,62,Maize
2024-05-05,59,Maize
2024-05-12,63,Maize
2024-05-19,62,Maize
2024-05-26,69,Maize
2024-06-02,60,Maize
2024-06-09,73,Maize
2024-06-16,77,Maize
2024-06-23,71,Maize
2024-06-30,74,Maize
2024-07-07,73,Maize
2024-07-14,100,Maize
2024-07-21,90,Maize
2024-07-28,81,Maize
2024-08-04,84,Maize
2024-08-11,78,Maize
2024-08-18,85,Maize
2024-08-25,87,Maize
2024-09-01,86,Maize
2024-09-08,85,Maize
2024-09-15,91,Maize
2024-09-22,88,Maize
2024-09-29,80,Maize
2024-10-06,65,Maize
2024-10-13,80,Maize
2024-10-20,81,Maize
2024-10-27,63,Maize
2024-11-03,77,Maize
2024-11-10,80,Maize
2024-11-17,88,Maize
2024-11-24,90,Maize
2024-12-01,88,Maize
2024-12-08,81,Maize
2024-12-15,81,Maize
2024-12-22,72,Maize
2024-12-29,76,Maize
2025-01-05,78,Maize
2025-01-12,69,Maize
2025-01-19,75,Maize
2025-01-26,77,Maize
2025-02-02,72,Maize
2025-02-09,70,Maize
2025-02-16,70,Maize
2025-02-23,72,Maize
2025-03-02,67,Maize
2025-03-09,67,Maize
2025-03-16,69,Maize
2025-03-23,62,Maize
2025-03-30,59,Maize
2025-04-06,70,Maize
2025-04-13,69,Maize
2025-04-20,70,Maize
2025-04-27,70,Maize
2025-05-04,63,Maize
2025-05-11,68,Maize
2025-05-18,70,Maize
2025-05-25,73,Maize
2025-06-01,80,Maize
2025-06-08,81,Maize
2025-06-15,83,Maize
2025-06-22,79,Maize
2025-06-29,82,Maize
2025-07-06,80,Maize
2025-07-13,84,Maize
2025-07-20,77,Maize
2025-07-27,77,Maize
2025-08-03,71,Maize
2025-08-10,76,Maize
2025-08-17,81,Maize
2025-08-24,74,Maize
2025-08-31,73,Maize
2025-09-07,78,Maize
2025-09-14,79,Maize
2025-09-21,68,Maize
2025-09-28,57,Maize
2025-10-05,79,Maize
2025-10-12,84,Maize
2020-10-11,18,Mango
2020-10-18,16,Mango
2020-10-25,16,Mango
2020-11-01,17,Mango
2020-11-08,15,Mango
2020-11-15,17,Mango
2020-11-22,19,Mango
2020-11-29,16,Mango
2020-12-06,20,Mango
2020-12-13,19,Mango
2020-12-20,18,Mango
2020-12-27,18,Mango
2021-01-03,18,Mango
2021-01-10,19,Mango
2021-01-17,20,Mango
2021-01-24,20,Mango
2021-01-31,19,Mango
2021-02-07,20,Mango
2021-02-14,20,Mango
2021-02-21,22,Mango
2021-02-28,24,Mango
2021-03-07,26,Mango
2021-03-14,28,Mango
2021-03-21,30,Mango
2021-03-28,33,Mango
2021-04-04,37,Mango
2021-04-11,43,Mango
2021-04-18,44,Mango
2021-04-25,51,Mango
2021-05-02,60,Mango
2021-05-09,70,Mango
2021-05-16,72,Mango
2021-05-23,81,Mango
2021-05-30,75,Mango
2021-06-06,79,Mango
2021-06-13,100,Mango
2021-06-20,72,Mango
2021-06-27,55,Mango
2021-07-04,45,Mango
2021-07-11,38,Mango
2021-07-18,32,Mango
2021-07-25,28,Mango
2021-08-01,26,Mango
2021-08-08,24,Mango
2021-08-15,22,Mango
2021-08-22,22,Mango
2021-08-29,21,Mango
2021-09-05,20,Mango
2021-09-12,20,Mango
2021-09-19,20,Mango
2021-09-26,19,Mango
2021-10-03,19,Mango
2021-10-10,17,Mango
2021-10-17,19,Mango
2021-10-24,19,Mango
2021-10-31,14,Mango
2021-11-07,16,Mango
2021-11-14,17,Mango
2021-11-21,19,Mango
2021-11-28,19,Mango
2021-12-05,18,Mango
2021-12-12,20,Mango
2021-12-19,18,Mango
2021-12-26,17,Mango
2022-01-02,18,Mango
2022-01-09,18,Mango
2022-01-16,19,Mango
2022-01-23,21,Mango
2022-01-30,22,Mango
2022-02-06,22,Mango
2022-02-13,24,Mango
2022-02-20,26,Mango
2022-02-27,26,Mango
2022-03-06,28,Mango
2022-03-13,29,Mango
2022-03-20,32,Mango
2022-03-27,34,Mango
2022-04-03,38,Mango
2022-04-10,38,Mango
2022-04-17,42,Mango
2022-04-24,48,Mango
2022-05-01,50,Mango
2022-05-08,55,Mango
2022-05-15,59,Mango
2022-05-22,59,Mango
2022-05-29,60,Mango
2022-06-05,58,Mango
2022-06-12,56,Mango
2022-06-19,56,Mango
2022-06-26,49,Mango
2022-07-03,46,Mango
2022-07-10,36,Mango
2022-07-17,34,Mango
2022-07-24,30,Mango
2022-07-31,27,Mango
2022-08-07,24,Mango
2022-08-14,24,Mango
2022-08-21,25,Mango
2022-08-28,23,Mango
2022-09-04,21,Mango
2022-09-11,24,Mango
2022-09-18,23,Mango
2022-09-25,22,Mango
2022-10-02,21,Mango
2022-10-09,21,Mango
2022-10-16,20,Mango
2022-10-23,21,Mango
2022-10-30,20,Mango
2022-11-06,22,Mango
2022-11-13,22,Mango
2022-11-20,21,Mango
2022-11-27,21,Mango
2022-12-04,22,Mango
2022-12-11,21,Mango
2022-12-18,20,Mango
2022-12-25,21,Mango
2023-01-01,20,Mango
2023-01-08,21,Mango
2023-01-15,21,Mango
2023-01-22,20,Mango
2023-01-29,21,Mango
2023-02-05,22,Mango
2023-02-12,22,Mango
2023-02-19,24,Mango
2023-02-26,25,Mango
2023-03-05,26,Mango
2023-03-12,29,Mango
2023-03-19,32,Mango
2023-03-26,34,Mango
2023-04-02,40,Mango
2023-04-09,46,Mango
2023-04-16,49,Mango
2023-04-23,54,Mango
2023-04-30,53,Mango
2023-05-07,59,Mango
2023-05-14,60,Mango
2023-05-21,64,Mango
2023-05-28,66,Mango
2023-06-04,68,Mango
2023-06-11,69,Mango
2023-06-18,60,Mango
2023-06-25,54,Mango
2023-07-02,48,Mango
2023-07-09,39,Mango
2023-07-16,37,Mango
2023-07-23,33,Mango
2023-07-30,29,Mango
2023-08-06,27,Mango
2023-08-13,26,Mango
2023-08-20,24,Mango
2023-08-27,22,Mango
2023-09-03,21,Mango
2023-09-10,21,Mango
2023-09-17,21,Mango
2023-09-24,21,Mango
2023-10-01,20,Mango
2023-10-08,20,Mango
2023-10-15,20,Mango
2023-10-22,19,Mango
2023-10-29,19,Mango
2023-11-05,20,Mango
2023-11-12,20,Mango
2023-11-19,22,Mango
2023-11-26,23,Mango
2023-12-03,23,Mango
2023-12-10,24,Mango
2023-12-17,21,Mango
2023-12-24,21,Mango
2023-12-31,22,Mango
2024-01-07,21,Mango
2024-01-14,20,Mango
2024-01-21,20,Mango
2024-01-28,22,Mango
2024-02-04,23,Mango
2024-02-11,23,Mango
2024-02-18,22,Mango
2024-02-25,29,Mango
2024-03-03,26,Mango
2024-03-10,29,Mango
2024-03-17,31,Mango
2024-03-24,30,Mango
2024-03-31,36,Mango
2024-04-07,44,Mango
2024-04-14,46,Mango
2024-04-21,53,Mango
2024-04-28,56,Mango
2024-05-05,60,Mango
2024-05-12,58,Mango
2024-05-19,63,Mango
2024-05-26,63,Mango
2024-06-02,51,Mango
2024-06-09,53,Mango
2024-06-16,52,Mango
2024-06-23,48,Mango
2024-06-30,45,Mango
2024-07-07,42,Mango
2024-07-14,40,Mango
2024-07-21,37,Mango
2024-07-28,31,Mango
2024-08-04,28,Mango
2024-08-11,24,Mango
2024-08-18,25,Mango
2024-08-25,24,Mango
2024-09-01,23,Mango
2024-09-08,24,Mango
2024-09-15,24,Mango
2024-09-22,24,Mango
2024-09-29,23,Mango
2024-10-06,21,Mango
2024-10-13,20,Mango
2024-10-20,20,Mango
2024-10-27,20,Mango
2024-11-03,22,Mango
2024-11-10,21,Mango
2024-11-17,21,Mango
2024-11-24,22,Mango
2024-12-01,22,Mango
2024-12-08,22,Mango
2024-12-15,21,Mango
2024-12-22,21,Mango
2024-12-29,21,Mango
2025-01-05,21,Mango
2025-01-12,20,Mango
2025-01-19,22,Mango
2025-01-26,22,Mango
2025-02-02,22,Mango
2025-02-09,25,Mango
2025-02-16,24,Mango
2025-02-23,25,Mango
2025-03-02,26,Mango
2025-03-09,29,Mango
2025-03-16,31,Mango
2025-03-23,32,Mango
2025-03-30,35,Mango
2025-04-06,42,Mango
2025-04-13,51,Mango
2025-04-20,53,Mango
2025-04-27,62,Mango
2025-05-04,57,Mango
2025-05-11,67,Mango
2025-05-18,70,Mango
2025-05-25,62,Mango
2025-06-01,64,Mango
2025-06-08,63,Mango
2025-06-15,60,Mango
2025-06-22,59,Mango
2025-06-29,53,Mango
2025-07-06,47,Mango
2025-07-13,41,Mango
2025-07-20,36,Mango
2025-07-27,30,Mango
2025-08-03,27,Mango
2025-08-10,25,Mango
2025-08-17,26,Mango
2025-08-24,24,Mango
2025-08-31,23,Mango
2025-09-07,22,Mango
2025-09-14,22,Mango
2025-09-21,21,Mango
2025-09-28,20,Mango
2025-10-05,21,Mango
2025-10-12,23,Mango
2020-10-11,61,Marigold
2020-10-18,64,Marigold
2020-10-25,63,Marigold
2020-11-01,64,Marigold
2020-11-08,78,Marigold
2020-11-15,68,Marigold
2020-11-22,61,Marigold
2020-11-29,68,Marigold
2020-12-06,65,Marigold
2020-12-13,65,Marigold
2020-12-20,58,Marigold
2020-12-27,55,Marigold
2021-01-03,62,Marigold
2021-01-10,56,Marigold
2021-01-17,59,Marigold
2021-01-24,55,Marigold
2021-01-31,61,Marigold
2021-02-07,58,Marigold
2021-02-14,65,Marigold
2021-02-21,57,Marigold
2021-02-28,59,Marigold
2021-03-07,57,Marigold
2021-03-14,63,Marigold
2021-03-21,51,Marigold
2021-03-28,48,Marigold
2021-04-04,54,Marigold
2021-04-11,47,Marigold
2021-04-18,44,Marigold
2021-04-25,42,Marigold
2021-05-02,45,Marigold
2021-05-09,48,Marigold
2021-05-16,48,Marigold
2021-05-23,49,Marigold
2021-05-30,53,Marigold
2021-06-06,56,Marigold
2021-06-13,61,Marigold
2021-06-20,57,Marigold
2021-06-27,67,Marigold
2021-07-04,68,Marigold
2021-07-11,66,Marigold
2021-07-18,65,Marigold
2021-07-25,63,Marigold
2021-08-01,63,Marigold
2021-08-08,65,Marigold
2021-08-15,70,Marigold
2021-08-22,65,Marigold
2021-08-29,64,Marigold
2021-09-05,74,Marigold
2021-09-12,66,Marigold
2021-09-19,60,Marigold
2021-09-26,57,Marigold
2021-10-03,58,Marigold
2021-10-10,66,Marigold
2021-10-17,67,Marigold
2021-10-24,71,Marigold
2021-10-31,78,Marigold
2021-11-07,63,Marigold
2021-11-14,64,Marigold
2021-11-21,70,Marigold
2021-11-28,60,Marigold
2021-12-05,61,Marigold
2021-12-12,63,Marigold
2021-12-19,63,Marigold
2021-12-26,52,Marigold
2022-01-02,71,Marigold
2022-01-09,62,Marigold
2022-01-16,66,Marigold
2022-01-23,67,Marigold
2022-01-30,76,Marigold
2022-02-06,69,Marigold
2022-02-13,80,Marigold
2022-02-20,75,Marigold
2022-02-27,73,Marigold
2022-03-06,72,Marigold
2022-03-13,68,Marigold
2022-03-20,68,Marigold
2022-03-27,61,Marigold
2022-04-03,67,Marigold
2022-04-10,62,Marigold
2022-04-17,69,Marigold
2022-04-24,65,Marigold
2022-05-01,58,Marigold
2022-05-08,60,Marigold
2022-05-15,59,Marigold
2022-05-22,56,Marigold
2022-05-29,58,Marigold
2022-06-05,65,Marigold
2022-06-12,66,Marigold
2022-06-19,72,Marigold
2022-06-26,70,Marigold
2022-07-03,75,Marigold
2022-07-10,70,Marigold
2022-07-17,70,Marigold
2022-07-24,72,Marigold
2022-07-31,75,Marigold
2022-08-07,64,Marigold
2022-08-14,77,Marigold
2022-08-21,83,Marigold
2022-08-28,79,Marigold
2022-09-04,74,Marigold
2022-09-11,75,Marigold
2022-09-18,75,Marigold
2022-09-25,70,Marigold
2022-10-02,79,Marigold
2022-10-09,83,Marigold
2022-10-16,93,Marigold
2022-10-23,96,Marigold
2022-10-30,77,Marigold
2022-11-06,74,Marigold
2022-11-13,78,Marigold
2022-11-20,74,Marigold
2022-11-27,74,Marigold
2022-12-04,72,Marigold
2022-12-11,70,Marigold
2022-12-18,67,Marigold
2022-12-25,64,Marigold
2023-01-01,70,Marigold
2023-01-08,72,Marigold
2023-01-15,71,Marigold
2023-01-22,74,Marigold
2023-01-29,78,Marigold
2023-02-05,69,Marigold
2023-02-12,68,Marigold
2023-02-19,67,Marigold
2023-02-26,64,Marigold
2023-03-05,58,Marigold
2023-03-12,61,Marigold
2023-03-19,60,Marigold
2023-03-26,58,Marigold
2023-04-02,61,Marigold
2023-04-09,63,Marigold
2023-04-16,58,Marigold
2023-04-23,61,Marigold
2023-04-30,58,Marigold
2023-05-07,59,Marigold
2023-05-14,54,Marigold
2023-05-21,56,Marigold
2023-05-28,62,Marigold
2023-06-04,61,Marigold
2023-06-11,66,Marigold
2023-06-18,72,Marigold
2023-06-25,73,Marigold
2023-07-02,77,Marigold
2023-07-09,67,Marigold
2023-07-16,65,Marigold
2023-07-23,64,Marigold
2023-07-30,68,Marigold
2023-08-06,68,Marigold
2023-08-13,70,Marigold
2023-08-20,79,Marigold
2023-08-27,70,Marigold
2023-09-03,67,Marigold
2023-09-10,70,Marigold
2023-09-17,69,Marigold
2023-09-24,63,Marigold
2023-10-01,66,Marigold
2023-10-08,62,Marigold
2023-10-15,65,Marigold
2023-10-22,80,Marigold
2023-10-29,71,Marigold
2023-11-05,84,Marigold
2023-11-12,80,Marigold
2023-11-19,69,Marigold
2023-11-26,100,Marigold
2023-12-03,75,Marigold
2023-12-10,70,Marigold
2023-12-17,64,Marigold
2023-12-24,61,Marigold
2023-12-31,64,Marigold
2024-01-07,68,Marigold
2024-01-14,66,Marigold
2024-01-21,70,Marigold
2024-01-28,71,Marigold
2024-02-04,72,Marigold
2024-02-11,73,Marigold
2024-02-18,71,Marigold
2024-02-25,64,Marigold
2024-03-03,60,Marigold
2024-03-10,61,Marigold
2024-03-17,58,Marigold
2024-03-24,51,Marigold
2024-03-31,64,Marigold
2024-04-07,64,Marigold
2024-04-14,54,Marigold
2024-04-21,57,Marigold
2024-04-28,54,Marigold
2024-05-05,50,Marigold
2024-05-12,48,Marigold
2024-05-19,51,Marigold
2024-05-26,55,Marigold
2024-06-02,48,Marigold
2024-06-09,58,Marigold
2024-06-16,60,Marigold
2024-06-23,62,Marigold
2024-06-30,65,Marigold
2024-07-07,66,Marigold
2024-07-14,65,Marigold
2024-07-21,65,Marigold
2024-07-28,64,Marigold
2024-08-04,64,Marigold
2024-08-11,64,Marigold
2024-08-18,66,Marigold
2024-08-25,66,Marigold
2024-09-01,75,Marigold
2024-09-08,73,Marigold
2024-09-15,64,Marigold
2024-09-22,71,Marigold
2024-09-29,65,Marigold
2024-10-06,71,Marigold
2024-10-13,68,Marigold
2024-10-20,70,Marigold
2024-10-27,93,Marigold
2024-11-03,62,Marigold
2024-11-10,64,Marigold
2024-11-17,59,Marigold
2024-11-24,61,Marigold
2024-12-01,63,Marigold
2024-12-08,62,Marigold
2024-12-15,59,Marigold
2024-12-22,53,Marigold
2024-12-29,54,Marigold
2025-01-05,58,Marigold
2025-01-12,53,Marigold
2025-01-19,65,Marigold
2025-01-26,62,Marigold
2025-02-02,58,Marigold
2025-02-09,56,Marigold
2025-02-16,54,Marigold
2025-02-23,56,Marigold
2025-03-02,58,Marigold
2025-03-09,54,Marigold
2025-03-16,51,Marigold
2025-03-23,51,Marigold
2025-03-30,49,Marigold
2025-04-06,49,Marigold
2025-04-13,50,Marigold
2025-04-20,49,Marigold
2025-04-27,54,Marigold
2025-05-04,50,Marigold
2025-05-11,47,Marigold
2025-05-18,50,Marigold
2025-05-25,48,Marigold
2025-06-01,55,Marigold
2025-06-08,51,Marigold
2025-06-15,58,Marigold
2025-06-22,54,Marigold
2025-06-29,60,Marigold
2025-07-06,55,Marigold
2025-07-13,62,Marigold
2025-07-20,52,Marigold
2025-07-27,55,Marigold
2025-08-03,54,Marigold
2025-08-10,59,Marigold
2025-08-17,62,Marigold
2025-08-24,72,Marigold
2025-08-31,64,Marigold
2025-09-07,58,Marigold
2025-09-14,58,Marigold
2025-09-21,54,Marigold
2025-09-28,63,Marigold
2025-10-05,63,Marigold
2025-10-12,73,Marigold
2020-10-11,42,Matar
2020-10-18,46,Matar
2020-10-25,42,Matar
2020-11-01,41,Matar
2020-11-08,44,Matar
2020-11-15,53,Matar
2020-11-22,59,Matar
2020-11-29,71,Matar
2020-12-06,78,Matar
2020-12-13,85,Matar
2020-12-20,90,Matar
2020-12-27,93,Matar
2021-01-03,88,Matar
2021-01-10,87,Matar
2021-01-17,84,Matar
2021-01-24,87,Matar
2021-01-31,78,Matar
2021-02-07,72,Matar
2021-02-14,67,Matar
2021-02-21,64,Matar
2021-02-28,63,Matar
2021-03-07,59,Matar
2021-03-14,52,Matar
2021-03-21,51,Matar
2021-03-28,50,Matar
2021-04-04,43,Matar
2021-04-11,43,Matar
2021-04-18,41,Matar
2021-04-25,39,Matar
2021-05-02,45,Matar
2021-05-09,45,Matar
2021-05-16,47,Matar
2021-05-23,52,Matar
2021-05-30,47,Matar
2021-06-06,50,Matar
2021-06-13,48,Matar
2021-06-20,39,Matar
2021-06-27,38,Matar
2021-07-04,39,Matar
2021-07-11,36,Matar
2021-07-18,35,Matar
2021-07-25,36,Matar
2021-08-01,36,Matar
2021-08-08,39,Matar
2021-08-15,39,Matar
2021-08-22,41,Matar
2021-08-29,37,Matar
2021-09-05,35,Matar
2021-09-12,38,Matar
2021-09-19,36,Matar
2021-09-26,38,Matar
2021-10-03,34,Matar
2021-10-10,38,Matar
2021-10-17,35,Matar
2021-10-24,36,Matar
2021-10-31,38,Matar
2021-11-07,36,Matar
2021-11-14,38,Matar
2021-11-21,43,Matar
2021-11-28,51,Matar
2021-12-05,64,Matar
2021-12-12,68,Matar
2021-12-19,73,Matar
2021-12-26,77,Matar
2022-01-02,100,Matar
2022-01-09,94,Matar
2022-01-16,94,Matar
2022-01-23,88,Matar
2022-01-30,86,Matar
2022-02-06,85,Matar
2022-02-13,69,Matar
2022-02-20,76,Matar
2022-02-27,79,Matar
2022-03-06,73,Matar
2022-03-13,70,Matar
2022-03-20,56,Matar
2022-03-27,48,Matar
2022-04-03,53,Matar
2022-04-10,47,Matar
2022-04-17,50,Matar
2022-04-24,48,Matar
2022-05-01,44,Matar
2022-05-08,44,Matar
2022-05-15,41,Matar
2022-05-22,45,Matar
2022-05-29,43,Matar
2022-06-05,46,Matar
2022-06-12,46,Matar
2022-06-19,45,Matar
2022-06-26,48,Matar
2022-07-03,46,Matar
2022-07-10,49,Matar
2022-07-17,50,Matar
2022-07-24,52,Matar
2022-07-31,49,Matar
2022-08-07,60,Matar
2022-08-14,55,Matar
2022-08-21,52,Matar
2022-08-28,50,Matar
2022-09-04,49,Matar
2022-09-11,54,Matar
2022-09-18,54,Matar
2022-09-25,52,Matar
2022-10-02,51,Matar
2022-10-09,49,Matar
2022-10-16,45,Matar
2022-10-23,51,Matar
2022-10-30,47,Matar
2022-11-06,49,Matar
2022-11-13,54,Matar
2022-11-20,59,Matar
2022-11-27,68,Matar
2022-12-04,71,Matar
2022-12-11,76,Matar
2022-12-18,80,Matar
2022-12-25,87,Matar
2023-01-01,87,Matar
2023-01-08,94,Matar
2023-01-15,77,Matar
2023-01-22,77,Matar
2023-01-29,74,Matar
2023-02-05,75,Matar
2023-02-12,64,Matar
2023-02-19,67,Matar
2023-02-26,61,Matar
2023-03-05,59,Matar
2023-03-12,54,Matar
2023-03-19,44,Matar
2023-03-26,39,Matar
2023-04-02,36,Matar
2023-04-09,37,Matar
2023-04-16,36,Matar
2023-04-23,34,Matar
2023-04-30,33,Matar
2023-05-07,34,Matar
2023-05-14,33,Matar
2023-05-21,33,Matar
2023-05-28,36,Matar
2023-06-04,34,Matar
2023-06-11,38,Matar
2023-06-18,36,Matar
2023-06-25,38,Matar
2023-07-02,40,Matar
2023-07-09,31,Matar
2023-07-16,31,Matar
2023-07-23,32,Matar
2023-07-30,32,Matar
2023-08-06,35,Matar
2023-08-13,38,Matar
2023-08-20,36,Matar
2023-08-27,35,Matar
2023-09-03,33,Matar
2023-09-10,32,Matar
2023-09-17,36,Matar
2023-09-24,32,Matar
2023-10-01,38,Matar
2023-10-08,34,Matar
2023-10-15,36,Matar
2023-10-22,35,Matar
2023-10-29,35,Matar
2023-11-05,35,Matar
2023-11-12,43,Matar
2023-11-19,50,Matar
2023-11-26,54,Matar
2023-12-03,61,Matar
2023-12-10,68,Matar
2023-12-17,68,Matar
2023-12-24,69,Matar
2023-12-31,68,Matar
2024-01-07,65,Matar
2024-01-14,62,Matar
2024-01-21,58,Matar
2024-01-28,59,Matar
2024-02-04,59,Matar
2024-02-11,56,Matar
2024-02-18,52,Matar
2024-02-25,54,Matar
2024-03-03,46,Matar
2024-03-10,47,Matar
2024-03-17,48,Matar
2024-03-24,38,Matar
2024-03-31,33,Matar
2024-04-07,35,Matar
2024-04-14,30,Matar
2024-04-21,30,Matar
2024-04-28,31,Matar
2024-05-05,29,Matar
2024-05-12,29,Matar
2024-05-19,30,Matar
2024-05-26,31,Matar
2024-06-02,25,Matar
2024-06-09,29,Matar
2024-06-16,33,Matar
2024-06-23,33,Matar
2024-06-30,33,Matar
2024-07-07,32,Matar
2024-07-14,34,Matar
2024-07-21,35,Matar
2024-07-28,35,Matar
2024-08-04,36,Matar
2024-08-11,36,Matar
2024-08-18,38,Matar
2024-08-25,36,Matar
2024-09-01,37,Matar
2024-09-08,37,Matar
2024-09-15,40,Matar
2024-09-22,40,Matar
2024-09-29,42,Matar
2024-10-06,39,Matar
2024-10-13,40,Matar
2024-10-20,43,Matar
2024-10-27,44,Matar
2024-11-03,43,Matar
2024-11-10,43,Matar
2024-11-17,49,Matar
2024-11-24,49,Matar
2024-12-01,55,Matar
2024-12-08,56,Matar
2024-12-15,57,Matar
2024-12-22,65,Matar
2024-12-29,69,Matar
2025-01-05,79,Matar
2025-01-12,74,Matar
2025-01-19,76,Matar
2025-01-26,82,Matar
2025-02-02,79,Matar
2025-02-09,80,Matar
2025-02-16,71,Matar
2025-02-23,62,Matar
2025-03-02,63,Matar
2025-03-09,52,Matar
2025-03-16,49,Matar
2025-03-23,41,Matar
2025-03-30,38,Matar
2025-04-06,34,Matar
2025-04-13,36,Matar
2025-04-20,30,Matar
2025-04-27,32,Matar
2025-05-04,31,Matar
2025-05-11,31,Matar
2025-05-18,32,Matar
2025-05-25,31,Matar
2025-06-01,34,Matar
2025-06-08,34,Matar
2025-06-15,32,Matar
2025-06-22,35,Matar
2025-06-29,38,Matar
2025-07-06,37,Matar
2025-07-13,40,Matar
2025-07-20,41,Matar
2025-07-27,40,Matar
2025-08-03,44,Matar
2025-08-10,42,Matar
2025-08-17,42,Matar
2025-08-24,42,Matar
2025-08-31,46,Matar
2025-09-07,45,Matar
2025-09-14,44,Matar
2025-09-21,46,Matar
2025-09-28,42,Matar
2025-10-05,45,Matar
2025-10-12,47,Matar
2020-10-11,62,Moong
2020-10-18,59,Moong
2020-10-25,54,Moong
2020-11-01,57,Moong
2020-11-08,62,Moong
2020-11-15,56,Moong
2020-11-22,56,Moong
2020-11-29,58,Moong
2020-12-06,59,Moong
2020-12-13,56,Moong
2020-12-20,55,Moong
2020-12-27,57,Moong
2021-01-03,60,Moong
2021-01-10,59,Moong
2021-01-17,54,Moong
2021-01-24,55,Moong
2021-01-31,56,Moong
2021-02-07,55,Moong
2021-02-14,52,Moong
2021-02-21,56,Moong
2021-02-28,59,Moong
2021-03-07,57,Moong
2021-03-14,60,Moong
2021-03-21,63,Moong
2021-03-28,64,Moong
2021-04-04,62,Moong
2021-04-11,60,Moong
2021-04-18,66,Moong
2021-04-25,66,Moong
2021-05-02,78,Moong
2021-05-09,84,Moong
2021-05-16,86,Moong
2021-05-23,82,Moong
2021-05-30,91,Moong
2021-06-06,89,Moong
2021-06-13,82,Moong
2021-06-20,70,Moong
2021-06-27,70,Moong
2021-07-04,69,Moong
2021-07-11,65,Moong
2021-07-18,64,Moong
2021-07-25,63,Moong
2021-08-01,59,Moong
2021-08-08,61,Moong
2021-08-15,58,Moong
2021-08-22,60,Moong
2021-08-29,57,Moong
2021-09-05,57,Moong
2021-09-12,59,Moong
2021-09-19,54,Moong
2021-09-26,53,Moong
2021-10-03,49,Moong
2021-10-10,47,Moong
2021-10-17,51,Moong
2021-10-24,46,Moong
2021-10-31,50,Moong
2021-11-07,48,Moong
2021-11-14,48,Moong
2021-11-21,51,Moong
2021-11-28,46,Moong
2021-12-05,49,Moong
2021-12-12,46,Moong
2021-12-19,45,Moong
2021-12-26,47,Moong
2022-01-02,58,Moong
2022-01-09,58,Moong
2022-01-16,53,Moong
2022-01-23,55,Moong
2022-01-30,57,Moong
2022-02-06,56,Moong
2022-02-13,55,Moong
2022-02-20,56,Moong
2022-02-27,61,Moong
2022-03-06,60,Moong
2022-03-13,63,Moong
2022-03-20,57,Moong
2022-03-27,52,Moong
2022-04-03,57,Moong
2022-04-10,59,Moong
2022-04-17,54,Moong
2022-04-24,52,Moong
2022-05-01,52,Moong
2022-05-08,52,Moong
2022-05-15,59,Moong
2022-05-22,56,Moong
2022-05-29,63,Moong
2022-06-05,62,Moong
2022-06-12,59,Moong
2022-06-19,64,Moong
2022-06-26,61,Moong
2022-07-03,63,Moong
2022-07-10,64,Moong
2022-07-17,67,Moong
2022-07-24,59,Moong
2022-07-31,63,Moong
2022-08-07,57,Moong
2022-08-14,58,Moong
2022-08-21,64,Moong
2022-08-28,62,Moong
2022-09-04,60,Moong
2022-09-11,72,Moong
2022-09-18,60,Moong
2022-09-25,56,Moong
2022-10-02,56,Moong
2022-10-09,60,Moong
2022-10-16,54,Moong
2022-10-23,54,Moong
2022-10-30,53,Moong
2022-11-06,53,Moong
2022-11-13,64,Moong
2022-11-20,52,Moong
2022-11-27,57,Moong
2022-12-04,56,Moong
2022-12-11,52,Moong
2022-12-18,49,Moong
2022-12-25,50,Moong
2023-01-01,54,Moong
2023-01-08,58,Moong
2023-01-15,54,Moong
2023-01-22,54,Moong
2023-01-29,59,Moong
2023-02-05,57,Moong
2023-02-12,56,Moong
2023-02-19,58,Moong
2023-02-26,60,Moong
2023-03-05,62,Moong
2023-03-12,64,Moong
2023-03-19,58,Moong
2023-03-26,60,Moong
2023-04-02,63,Moong
2023-04-09,63,Moong
2023-04-16,54,Moong
2023-04-23,56,Moong
2023-04-30,54,Moong
2023-05-07,54,Moong
2023-05-14,59,Moong
2023-05-21,56,Moong
2023-05-28,63,Moong
2023-06-04,69,Moong
2023-06-11,63,Moong
2023-06-18,72,Moong
2023-06-25,68,Moong
2023-07-02,73,Moong
2023-07-09,67,Moong
2023-07-16,65,Moong
2023-07-23,68,Moong
2023-07-30,66,Moong
2023-08-06,71,Moong
2023-08-13,64,Moong
2023-08-20,63,Moong
2023-08-27,60,Moong
2023-09-03,65,Moong
2023-09-10,65,Moong
2023-09-17,62,Moong
2023-09-24,59,Moong
2023-10-01,63,Moong
2023-10-08,61,Moong
2023-10-15,54,Moong
2023-10-22,56,Moong
2023-10-29,57,Moong
2023-11-05,55,Moong
2023-11-12,51,Moong
2023-11-19,56,Moong
2023-11-26,57,Moong
2023-12-03,61,Moong
2023-12-10,58,Moong
2023-12-17,53,Moong
2023-12-24,54,Moong
2023-12-31,55,Moong
2024-01-07,61,Moong
2024-01-14,58,Moong
2024-01-21,55,Moong
2024-01-28,59,Moong
2024-02-04,63,Moong
2024-02-11,58,Moong
2024-02-18,61,Moong
2024-02-25,69,Moong
2024-03-03,60,Moong
2024-03-10,64,Moong
2024-03-17,64,Moong
2024-03-24,61,Moong
2024-03-31,62,Moong
2024-04-07,62,Moong
2024-04-14,62,Moong
2024-04-21,60,Moong
2024-04-28,60,Moong
2024-05-05,60,Moong
2024-05-12,60,Moong
2024-05-19,61,Moong
2024-05-26,64,Moong
2024-06-02,59,Moong
2024-06-09,65,Moong
2024-06-16,73,Moong
2024-06-23,70,Moong
2024-06-30,70,Moong
2024-07-07,71,Moong
2024-07-14,73,Moong
2024-07-21,76,Moong
2024-07-28,73,Moong
2024-08-04,73,Moong
2024-08-11,69,Moong
2024-08-18,68,Moong
2024-08-25,71,Moong
2024-09-01,73,Moong
2024-09-08,75,Moong
2024-09-15,69,Moong
2024-09-22,70,Moong
2024-09-29,67,Moong
2024-10-06,68,Moong
2024-10-13,64,Moong
2024-10-20,65,Moong
2024-10-27,65,Moong
2024-11-03,61,Moong
2024-11-10,64,Moong
2024-11-17,64,Moong
2024-11-24,63,Moong
2024-12-01,64,Moong
2024-12-08,63,Moong
2024-12-15,58,Moong
2024-12-22,57,Moong
2024-12-29,60,Moong
2025-01-05,71,Moong
2025-01-12,67,Moong
2025-01-19,65,Moong
2025-01-26,65,Moong
2025-02-02,67,Moong
2025-02-09,64,Moong
2025-02-16,63,Moong
2025-02-23,67,Moong
2025-03-02,68,Moong
2025-03-09,76,Moong
2025-03-16,75,Moong
2025-03-23,69,Moong
2025-03-30,66,Moong
2025-04-06,70,Moong
2025-04-13,70,Moong
2025-04-20,66,Moong
2025-04-27,66,Moong
2025-05-04,66,Moong
2025-05-11,70,Moong
2025-05-18,72,Moong
2025-05-25,74,Moong
2025-06-01,80,Moong
2025-06-08,80,Moong
2025-06-15,83,Moong
2025-06-22,80,Moong
2025-06-29,83,Moong
2025-07-06,100,Moong
2025-07-13,84,Moong
2025-07-20,81,Moong
2025-07-27,81,Moong
2025-08-03,78,Moong
2025-08-10,75,Moong
2025-08-17,77,Moong
2025-08-24,77,Moong
2025-08-31,76,Moong
2025-09-07,71,Moong
2025-09-14,73,Moong
2025-09-21,64,Moong
2025-09-28,65,Moong
2025-10-05,68,Moong
2025-10-12,72,Moong
2020-10-11,60,Onion
2020-10-18,86,Onion
2020-10-25,74,Onion
2020-11-01,64,Onion
2020-11-08,59,Onion
2020-11-15,65,Onion
2020-11-22,65,Onion
2020-11-29,60,Onion
2020-12-06,61,Onion
2020-12-13,60,Onion
2020-12-20,59,Onion
2020-12-27,58,Onion
2021-01-03,63,Onion
2021-01-10,58,Onion
2021-01-17,56,Onion
2021-01-24,58,Onion
2021-01-31,60,Onion
2021-02-07,59,Onion
2021-02-14,58,Onion
2021-02-21,62,Onion
2021-02-28,60,Onion
2021-03-07,56,Onion
2021-03-14,54,Onion
2021-03-21,56,Onion
2021-03-28,54,Onion
2021-04-04,53,Onion
2021-04-11,57,Onion
2021-04-18,62,Onion
2021-04-25,54,Onion
2021-05-02,60,Onion
2021-05-09,65,Onion
2021-05-16,68,Onion
2021-05-23,73,Onion
2021-05-30,71,Onion
2021-06-06,70,Onion
2021-06-13,66,Onion
2021-06-20,66,Onion
2021-06-27,71,Onion
2021-07-04,67,Onion
2021-07-11,67,Onion
2021-07-18,68,Onion
2021-07-25,62,Onion
2021-08-01,59,Onion
2021-08-08,56,Onion
2021-08-15,53,Onion
2021-08-22,56,Onion
2021-08-29,59,Onion
2021-09-05,57,Onion
2021-09-12,59,Onion
2021-09-19,52,Onion
2021-09-26,53,Onion
2021-10-03,57,Onion
2021-10-10,56,Onion
2021-10-17,53,Onion
2021-10-24,48,Onion
2021-10-31,39,Onion
2021-11-07,50,Onion
2021-11-14,50,Onion
2021-11-21,49,Onion
2021-11-28,49,Onion
2021-12-05,48,Onion
2021-12-12,48,Onion
2021-12-19,48,Onion
2021-12-26,46,Onion
2022-01-02,50,Onion
2022-01-09,53,Onion
2022-01-16,49,Onion
2022-01-23,52,Onion
2022-01-30,52,Onion
2022-02-06,50,Onion
2022-02-13,57,Onion
2022-02-20,54,Onion
2022-02-27,55,Onion
2022-03-06,55,Onion
2022-03-13,54,Onion
2022-03-20,51,Onion
2022-03-27,49,Onion
2022-04-03,56,Onion
2022-04-10,49,Onion
2022-04-17,49,Onion
2022-04-24,48,Onion
2022-05-01,50,Onion
2022-05-08,50,Onion
2022-05-15,50,Onion
2022-05-22,52,Onion
2022-05-29,53,Onion
2022-06-05,54,Onion
2022-06-12,55,Onion
2022-06-19,55,Onion
2022-06-26,59,Onion
2022-07-03,53,Onion
2022-07-10,55,Onion
2022-07-17,55,Onion
2022-07-24,54,Onion
2022-07-31,52,Onion
2022-08-07,48,Onion
2022-08-14,52,Onion
2022-08-21,56,Onion
2022-08-28,52,Onion
2022-09-04,52,Onion
2022-09-11,55,Onion
2022-09-18,51,Onion
2022-09-25,58,Onion
2022-10-02,54,Onion
2022-10-09,53,Onion
2022-10-16,50,Onion
2022-10-23,48,Onion
2022-10-30,51,Onion
2022-11-06,52,Onion
2022-11-13,56,Onion
2022-11-20,55,Onion
2022-11-27,52,Onion
2022-12-04,50,Onion
2022-12-11,51,Onion
2022-12-18,85,Onion
2022-12-25,100,Onion
2023-01-01,69,Onion
2023-01-08,63,Onion
2023-01-15,60,Onion
2023-01-22,57,Onion
2023-01-29,54,Onion
2023-02-05,52,Onion
2023-02-12,52,Onion
2023-02-19,54,Onion
2023-02-26,57,Onion
2023-03-05,50,Onion
2023-03-12,49,Onion
2023-03-19,52,Onion
2023-03-26,48,Onion
2023-04-02,47,Onion
2023-04-09,48,Onion
2023-04-16,45,Onion
2023-04-23,46,Onion
2023-04-30,46,Onion
2023-05-07,44,Onion
2023-05-14,43,Onion
2023-05-21,44,Onion
2023-05-28,49,Onion
2023-06-04,49,Onion
2023-06-11,52,Onion
2023-06-18,53,Onion
2023-06-25,57,Onion
2023-07-02,62,Onion
2023-07-09,60,Onion
2023-07-16,63,Onion
2023-07-23,66,Onion
2023-07-30,59,Onion
2023-08-06,62,Onion
2023-08-13,61,Onion
2023-08-20,66,Onion
2023-08-27,52,Onion
2023-09-03,53,Onion
2023-09-10,52,Onion
2023-09-17,57,Onion
2023-09-24,54,Onion
2023-10-01,50,Onion
2023-10-08,49,Onion
2023-10-15,59,Onion
2023-10-22,63,Onion
2023-10-29,74,Onion
2023-11-05,54,Onion
2023-11-12,51,Onion
2023-11-19,53,Onion
2023-11-26,54,Onion
2023-12-03,53,Onion
2023-12-10,58,Onion
2023-12-17,51,Onion
2023-12-24,51,Onion
2023-12-31,50,Onion
2024-01-07,51,Onion
2024-01-14,50,Onion
2024-01-21,48,Onion
2024-01-28,50,Onion
2024-02-04,47,Onion
2024-02-11,43,Onion
2024-02-18,50,Onion
2024-02-25,47,Onion
2024-03-03,47,Onion
2024-03-10,46,Onion
2024-03-17,44,Onion
2024-03-24,40,Onion
2024-03-31,41,Onion
2024-04-07,49,Onion
2024-04-14,42,Onion
2024-04-21,39,Onion
2024-04-28,42,Onion
2024-05-05,42,Onion
2024-05-12,40,Onion
2024-05-19,41,Onion
2024-05-26,44,Onion
2024-06-02,39,Onion
2024-06-09,46,Onion
2024-06-16,49,Onion
2024-06-23,48,Onion
2024-06-30,48,Onion
2024-07-07,49,Onion
2024-07-14,50,Onion
2024-07-21,47,Onion
2024-07-28,46,Onion
2024-08-04,46,Onion
2024-08-11,46,Onion
2024-08-18,49,Onion
2024-08-25,52,Onion
2024-09-01,53,Onion
2024-09-08,56,Onion
2024-09-15,63,Onion
2024-09-22,55,Onion
2024-09-29,58,Onion
2024-10-06,51,Onion
2024-10-13,46,Onion
2024-10-20,49,Onion
2024-10-27,52,Onion
2024-11-03,50,Onion
2024-11-10,53,Onion
2024-11-17,46,Onion
2024-11-24,48,Onion
2024-12-01,43,Onion
2024-12-08,46,Onion
2024-12-15,44,Onion
2024-12-22,42,Onion
2024-12-29,40,Onion
2025-01-05,43,Onion
2025-01-12,42,Onion
2025-01-19,43,Onion
2025-01-26,44,Onion
2025-02-02,42,Onion
2025-02-09,39,Onion
2025-02-16,41,Onion
2025-02-23,42,Onion
2025-03-02,41,Onion
2025-03-09,43,Onion
2025-03-16,42,Onion
2025-03-23,41,Onion
2025-03-30,48,Onion
2025-04-06,37,Onion
2025-04-13,40,Onion
2025-04-20,39,Onion
2025-04-27,36,Onion
2025-05-04,38,Onion
2025-05-11,40,Onion
2025-05-18,40,Onion
2025-05-25,40,Onion
2025-06-01,43,Onion
2025-06-08,43,Onion
2025-06-15,42,Onion
2025-06-22,47,Onion
2025-06-29,45,Onion
2025-07-06,46,Onion
2025-07-13,48,Onion
2025-07-20,45,Onion
2025-07-27,45,Onion
2025-08-03,44,Onion
2025-08-10,44,Onion
2025-08-17,47,Onion
2025-08-24,45,Onion
2025-08-31,48,Onion
2025-09-07,45,Onion
2025-09-14,44,Onion
2025-09-21,56,Onion
2025-09-28,44,Onion
2025-10-05,46,Onion
2025-10-12,47,Onion
2020-10-11,71,Peanut
2020-10-18,62,Peanut
2020-10-25,68,Peanut
2020-11-01,64,Peanut
2020-11-08,64,Peanut
2020-11-15,68,Peanut
2020-11-22,69,Peanut
2020-11-29,72,Peanut
2020-12-06,74,Peanut
2020-12-13,76,Peanut
2020-12-20,71,Peanut
2020-12-27,70,Peanut
2021-01-03,74,Peanut
2021-01-10,77,Peanut
2021-01-17,76,Peanut
2021-01-24,77,Peanut
2021-01-31,76,Peanut
2021-02-07,78,Peanut
2021-02-14,73,Peanut
2021-02-21,72,Peanut
2021-02-28,71,Peanut
2021-03-07,69,Peanut
2021-03-14,71,Peanut
2021-03-21,70,Peanut
2021-03-28,82,Peanut
2021-04-04,71,Peanut
2021-04-11,68,Peanut
2021-04-18,70,Peanut
2021-04-25,68,Peanut
2021-05-02,75,Peanut
2021-05-09,79,Peanut
2021-05-16,83,Peanut
2021-05-23,87,Peanut
2021-05-30,89,Peanut
2021-06-06,83,Peanut
2021-06-13,79,Peanut
2021-06-20,76,Peanut
2021-06-27,83,Peanut
2021-07-04,85,Peanut
2021-07-11,77,Peanut
2021-07-18,76,Peanut
2021-07-25,83,Peanut
2021-08-01,81,Peanut
2021-08-08,84,Peanut
2021-08-15,78,Peanut
2021-08-22,85,Peanut
2021-08-29,86,Peanut
2021-09-05,86,Peanut
2021-09-12,87,Peanut
2021-09-19,77,Peanut
2021-09-26,72,Peanut
2021-10-03,75,Peanut
2021-10-10,72,Peanut
2021-10-17,74,Peanut
2021-10-24,66,Peanut
2021-10-31,56,Peanut
2021-11-07,67,Peanut
2021-11-14,67,Peanut
2021-11-21,67,Peanut
2021-11-28,66,Peanut
2021-12-05,67,Peanut
2021-12-12,70,Peanut
2021-12-19,68,Peanut
2021-12-26,63,Peanut
2022-01-02,76,Peanut
2022-01-09,74,Peanut
2022-01-16,82,Peanut
2022-01-23,73,Peanut
2022-01-30,80,Peanut
2022-02-06,78,Peanut
2022-02-13,80,Peanut
2022-02-20,93,Peanut
2022-02-27,93,Peanut
2022-03-06,83,Peanut
2022-03-13,75,Peanut
2022-03-20,79,Peanut
2022-03-27,78,Peanut
2022-04-03,72,Peanut
2022-04-10,69,Peanut
2022-04-17,68,Peanut
2022-04-24,71,Peanut
2022-05-01,75,Peanut
2022-05-08,79,Peanut
2022-05-15,81,Peanut
2022-05-22,76,Peanut
2022-05-29,84,Peanut
2022-06-05,77,Peanut
2022-06-12,84,Peanut
2022-06-19,88,Peanut
2022-06-26,88,Peanut
2022-07-03,100,Peanut
2022-07-10,96,Peanut
2022-07-17,95,Peanut
2022-07-24,89,Peanut
2022-07-31,91,Peanut
2022-08-07,81,Peanut
2022-08-14,84,Peanut
2022-08-21,94,Peanut
2022-08-28,88,Peanut
2022-09-04,89,Peanut
2022-09-11,92,Peanut
2022-09-18,93,Peanut
2022-09-25,92,Peanut
2022-10-02,77,Peanut
2022-10-09,77,Peanut
2022-10-16,72,Peanut
2022-10-23,60,Peanut
2022-10-30,68,Peanut
2022-11-06,86,Peanut
2022-11-13,83,Peanut
2022-11-20,81,Peanut
2022-11-27,87,Peanut
2022-12-04,79,Peanut
2022-12-11,84,Peanut
2022-12-18,73,Peanut
2022-12-25,73,Peanut
2023-01-01,78,Peanut
2023-01-08,86,Peanut
2023-01-15,72,Peanut
2023-01-22,77,Peanut
2023-01-29,82,Peanut
2023-02-05,78,Peanut
2023-02-12,78,Peanut
2023-02-19,77,Peanut
2023-02-26,77,Peanut
2023-03-05,78,Peanut
2023-03-12,81,Peanut
2023-03-19,83,Peanut
2023-03-26,78,Peanut
2023-04-02,74,Peanut
2023-04-09,76,Peanut
2023-04-16,67,Peanut
2023-04-23,69,Peanut
2023-04-30,72,Peanut
2023-05-07,69,Peanut
2023-05-14,70,Peanut
2023-05-21,66,Peanut
2023-05-28,74,Peanut
2023-06-04,84,Peanut
2023-06-11,86,Peanut
2023-06-18,85,Peanut
2023-06-25,87,Peanut
2023-07-02,98,Peanut
2023-07-09,98,Peanut
2023-07-16,94,Peanut
2023-07-23,97,Peanut
2023-07-30,97,Peanut
2023-08-06,94,Peanut
2023-08-13,92,Peanut
2023-08-20,93,Peanut
2023-08-27,79,Peanut
2023-09-03,90,Peanut
2023-09-10,91,Peanut
2023-09-17,83,Peanut
2023-09-24,82,Peanut
2023-10-01,93,Peanut
2023-10-08,89,Peanut
2023-10-15,83,Peanut
2023-10-22,72,Peanut
2023-10-29,90,Peanut
2023-11-05,71,Peanut
2023-11-12,59,Peanut
2023-11-19,78,Peanut
2023-11-26,86,Peanut
2023-12-03,84,Peanut
2023-12-10,86,Peanut
2023-12-17,73,Peanut
2023-12-24,71,Peanut
2023-12-31,82,Peanut
2024-01-07,88,Peanut
2024-01-14,74,Peanut
2024-01-21,92,Peanut
2024-01-28,73,Peanut
2024-02-04,77,Peanut
2024-02-11,77,Peanut
2024-02-18,82,Peanut
2024-02-25,94,Peanut
2024-03-03,82,Peanut
2024-03-10,77,Peanut
2024-03-17,73,Peanut
2024-03-24,69,Peanut
2024-03-31,67,Peanut
2024-04-07,76,Peanut
2024-04-14,72,Peanut
2024-04-21,73,Peanut
2024-04-28,80,Peanut
2024-05-05,73,Peanut
2024-05-12,71,Peanut
2024-05-19,82,Peanut
2024-05-26,82,Peanut
2024-06-02,81,Peanut
2024-06-09,86,Peanut
2024-06-16,78,Peanut
2024-06-23,81,Peanut
2024-06-30,87,Peanut
2024-07-07,80,Peanut
2024-07-14,92,Peanut
2024-07-21,88,Peanut
2024-07-28,87,Peanut
2024-08-04,84,Peanut
2024-08-11,84,Peanut
2024-08-18,76,Peanut
2024-08-25,89,Peanut
2024-09-01,94,Peanut
2024-09-08,88,Peanut
2024-09-15,82,Peanut
2024-09-22,92,Peanut
2024-09-29,90,Peanut
2024-10-06,76,Peanut
2024-10-13,76,Peanut
2024-10-20,71,Peanut
2024-10-27,74,Peanut
2024-11-03,78,Peanut
2024-11-10,82,Peanut
2024-11-17,80,Peanut
2024-11-24,81,Peanut
2024-12-01,85,Peanut
2024-12-08,73,Peanut
2024-12-15,76,Peanut
2024-12-22,69,Peanut
2024-12-29,73,Peanut
2025-01-05,82,Peanut
2025-01-12,77,Peanut
2025-01-19,78,Peanut
2025-01-26,75,Peanut
2025-02-02,76,Peanut
2025-02-09,75,Peanut
2025-02-16,69,Peanut
2025-02-23,73,Peanut
2025-03-02,79,Peanut
2025-03-09,70,Peanut
2025-03-16,73,Peanut
2025-03-23,66,Peanut
2025-03-30,72,Peanut
2025-04-06,78,Peanut
2025-04-13,71,Peanut
2025-04-20,67,Peanut
2025-04-27,73,Peanut
2025-05-04,71,Peanut
2025-05-11,78,Peanut
2025-05-18,73,Peanut
2025-05-25,76,Peanut
2025-06-01,77,Peanut
2025-06-08,86,Peanut
2025-06-15,79,Peanut
2025-06-22,84,Peanut
2025-06-29,88,Peanut
2025-07-06,95,Peanut
2025-07-13,91,Peanut
2025-07-20,87,Peanut
2025-07-27,87,Peanut
2025-08-03,86,Peanut
2025-08-10,80,Peanut
2025-08-17,80,Peanut
2025-08-24,77,Peanut
2025-08-31,85,Peanut
2025-09-07,75,Peanut
2025-09-14,71,Peanut
2025-09-21,73,Peanut
2025-09-28,80,Peanut
2025-10-05,84,Peanut
2025-10-12,80,Peanut
2020-10-11,66,Pigeon_pea
2020-10-18,43,Pigeon_pea
2020-10-25,54,Pigeon_pea
2020-11-01,51,Pigeon_pea
2020-11-08,57,Pigeon_pea
2020-11-15,58,Pigeon_pea
2020-11-22,69,Pigeon_pea
2020-11-29,77,Pigeon_pea
2020-12-06,80,Pigeon_pea
2020-12-13,100,Pigeon_pea
2020-12-20,76,Pigeon_pea
2020-12-27,73,Pigeon_pea
2021-01-03,64,Pigeon_pea
2021-01-10,65,Pigeon_pea
2021-01-17,65,Pigeon_pea
2021-01-24,62,Pigeon_pea
2021-01-31,59,Pigeon_pea
2021-02-07,69,Pigeon_pea
2021-02-14,52,Pigeon_pea
2021-02-21,63,Pigeon_pea
2021-02-28,50,Pigeon_pea
2021-03-07,46,Pigeon_pea
2021-03-14,63,Pigeon_pea
2021-03-21,51,Pigeon_pea
2021-03-28,47,Pigeon_pea
2021-04-04,49,Pigeon_pea
2021-04-11,47,Pigeon_pea
2021-04-18,42,Pigeon_pea
2021-04-25,36,Pigeon_pea
2021-05-02,40,Pigeon_pea
2021-05-09,51,Pigeon_pea
2021-05-16,52,Pigeon_pea
2021-05-23,54,Pigeon_pea
2021-05-30,57,Pigeon_pea
2021-06-06,59,Pigeon_pea
2021-06-13,50,Pigeon_pea
2021-06-20,53,Pigeon_pea
2021-06-27,58,Pigeon_pea
2021-07-04,43,Pigeon_pea
2021-07-11,47,Pigeon_pea
2021-07-18,48,Pigeon_pea
2021-07-25,51,Pigeon_pea
2021-08-01,53,Pigeon_pea
2021-08-08,57,Pigeon_pea
2021-08-15,51,Pigeon_pea
2021-08-22,46,Pigeon_pea
2021-08-29,56,Pigeon_pea
2021-09-05,46,Pigeon_pea
2021-09-12,53,Pigeon_pea
2021-09-19,58,Pigeon_pea
2021-09-26,50,Pigeon_pea
2021-10-03,64,Pigeon_pea
2021-10-10,40,Pigeon_pea
2021-10-17,54,Pigeon_pea
2021-10-24,59,Pigeon_pea
2021-10-31,39,Pigeon_pea
2021-11-07,61,Pigeon_pea
2021-11-14,74,Pigeon_pea
2021-11-21,56,Pigeon_pea
2021-11-28,62,Pigeon_pea
2021-12-05,61,Pigeon_pea
2021-12-12,73,Pigeon_pea
2021-12-19,59,Pigeon_pea
2021-12-26,49,Pigeon_pea
2022-01-02,76,Pigeon_pea
2022-01-09,44,Pigeon_pea
2022-01-16,57,Pigeon_pea
2022-01-23,61,Pigeon_pea
2022-01-30,50,Pigeon_pea
2022-02-06,51,Pigeon_pea
2022-02-13,63,Pigeon_pea
2022-02-20,75,Pigeon_pea
2022-02-27,69,Pigeon_pea
2022-03-06,64,Pigeon_pea
2022-03-13,59,Pigeon_pea
2022-03-20,58,Pigeon_pea
2022-03-27,58,Pigeon_pea
2022-04-03,69,Pigeon_pea
2022-04-10,51,Pigeon_pea
2022-04-17,60,Pigeon_pea
2022-04-24,51,Pigeon_pea
2022-05-01,45,Pigeon_pea
2022-05-08,48,Pigeon_pea
2022-05-15,44,Pigeon_pea
2022-05-22,54,Pigeon_pea
2022-05-29,51,Pigeon_pea
2022-06-05,47,Pigeon_pea
2022-06-12,51,Pigeon_pea
2022-06-19,58,Pigeon_pea
2022-06-26,40,Pigeon_pea
2022-07-03,55,Pigeon_pea
2022-07-10,45,Pigeon_pea
2022-07-17,49,Pigeon_pea
2022-07-24,50,Pigeon_pea
2022-07-31,50,Pigeon_pea
2022-08-07,44,Pigeon_pea
2022-08-14,47,Pigeon_pea
2022-08-21,52,Pigeon_pea
2022-08-28,51,Pigeon_pea
2022-09-04,58,Pigeon_pea
2022-09-11,60,Pigeon_pea
2022-09-18,53,Pigeon_pea
2022-09-25,46,Pigeon_pea
2022-10-02,39,Pigeon_pea
2022-10-09,54,Pigeon_pea
2022-10-16,56,Pigeon_pea
2022-10-23,49,Pigeon_pea
2022-10-30,57,Pigeon_pea
2022-11-06,62,Pigeon_pea
2022-11-13,71,Pigeon_pea
2022-11-20,71,Pigeon_pea
2022-11-27,69,Pigeon_pea
2022-12-04,76,Pigeon_pea
2022-12-11,80,Pigeon_pea
2022-12-18,78,Pigeon_pea
2022-12-25,69,Pigeon_pea
2023-01-01,68,Pigeon_pea
2023-01-08,72,Pigeon_pea
2023-01-15,65,Pigeon_pea
2023-01-22,71,Pigeon_pea
2023-01-29,80,Pigeon_pea
2023-02-05,66,Pigeon_pea
2023-02-12,66,Pigeon_pea
2023-02-19,62,Pigeon_pea
2023-02-26,52,Pigeon_pea
2023-03-05,38,Pigeon_pea
2023-03-12,49,Pigeon_pea
2023-03-19,47,Pigeon_pea
2023-03-26,42,Pigeon_pea
2023-04-02,44,Pigeon_pea
2023-04-09,58,Pigeon_pea
2023-04-16,35,Pigeon_pea
2023-04-23,50,Pigeon_pea
2023-04-30,41,Pigeon_pea
2023-05-07,39,Pigeon_pea
2023-05-14,47,Pigeon_pea
2023-05-21,35,Pigeon_pea
2023-05-28,41,Pigeon_pea
2023-06-04,48,Pigeon_pea
2023-06-11,44,Pigeon_pea
2023-06-18,57,Pigeon_pea
2023-06-25,61,Pigeon_pea
2023-07-02,63,Pigeon_pea
2023-07-09,59,Pigeon_pea
2023-07-16,51,Pigeon_pea
2023-07-23,51,Pigeon_pea
2023-07-30,54,Pigeon_pea
2023-08-06,46,Pigeon_pea
2023-08-13,42,Pigeon_pea
2023-08-20,56,Pigeon_pea
2023-08-27,46,Pigeon_pea
2023-09-03,57,Pigeon_pea
2023-09-10,49,Pigeon_pea
2023-09-17,61,Pigeon_pea
2023-09-24,56,Pigeon_pea
2023-10-01,60,Pigeon_pea
2023-10-08,61,Pigeon_pea
2023-10-15,68,Pigeon_pea
2023-10-22,56,Pigeon_pea
2023-10-29,67,Pigeon_pea
2023-11-05,53,Pigeon_pea
2023-11-12,59,Pigeon_pea
2023-11-19,87,Pigeon_pea
2023-11-26,96,Pigeon_pea
2023-12-03,86,Pigeon_pea
2023-12-10,94,Pigeon_pea
2023-12-17,88,Pigeon_pea
2023-12-24,70,Pigeon_pea
2023-12-31,73,Pigeon_pea
2024-01-07,94,Pigeon_pea
2024-01-14,80,Pigeon_pea
2024-01-21,65,Pigeon_pea
2024-01-28,77,Pigeon_pea
2024-02-04,62,Pigeon_pea
2024-02-11,63,Pigeon_pea
2024-02-18,59,Pigeon_pea
2024-02-25,64,Pigeon_pea
2024-03-03,64,Pigeon_pea
2024-03-10,54,Pigeon_pea
2024-03-17,53,Pigeon_pea
2024-03-24,32,Pigeon_pea
2024-03-31,48,Pigeon_pea
2024-04-07,47,Pigeon_pea
2024-04-14,38,Pigeon_pea
2024-04-21,50,Pigeon_pea
2024-04-28,39,Pigeon_pea
2024-05-05,47,Pigeon_pea
2024-05-12,55,Pigeon_pea
2024-05-19,44,Pigeon_pea
2024-05-26,61,Pigeon_pea
2024-06-02,47,Pigeon_pea
2024-06-09,48,Pigeon_pea
2024-06-16,54,Pigeon_pea
2024-06-23,58,Pigeon_pea
2024-06-30,56,Pigeon_pea
2024-07-07,56,Pigeon_pea
2024-07-14,57,Pigeon_pea
2024-07-21,58,Pigeon_pea
2024-07-28,54,Pigeon_pea
2024-08-04,60,Pigeon_pea
2024-08-11,54,Pigeon_pea
2024-08-18,48,Pigeon_pea
2024-08-25,53,Pigeon_pea
2024-09-01,73,Pigeon_pea
2024-09-08,65,Pigeon_pea
2024-09-15,58,Pigeon_pea
2024-09-22,57,Pigeon_pea
2024-09-29,61,Pigeon_pea
2024-10-06,60,Pigeon_pea
2024-10-13,72,Pigeon_pea
2024-10-20,57,Pigeon_pea
2024-10-27,37,Pigeon_pea
2024-11-03,53,Pigeon_pea
2024-11-10,64,Pigeon_pea
2024-11-17,77,Pigeon_pea
2024-11-24,78,Pigeon_pea
2024-12-01,71,Pigeon_pea
2024-12-08,77,Pigeon_pea
2024-12-15,70,Pigeon_pea
2024-12-22,66,Pigeon_pea
2024-12-29,67,Pigeon_pea
2025-01-05,67,Pigeon_pea
2025-01-12,60,Pigeon_pea
2025-01-19,63,Pigeon_pea
2025-01-26,63,Pigeon_pea
2025-02-02,63,Pigeon_pea
2025-02-09,55,Pigeon_pea
2025-02-16,41,Pigeon_pea
2025-02-23,54,Pigeon_pea
2025-03-02,37,Pigeon_pea
2025-03-09,46,Pigeon_pea
2025-03-16,43,Pigeon_pea
2025-03-23,36,Pigeon_pea
2025-03-30,43,Pigeon_pea
2025-04-06,42,Pigeon_pea
2025-04-13,34,Pigeon_pea
2025-04-20,27,Pigeon_pea
2025-04-27,42,Pigeon_pea
2025-05-04,47,Pigeon_pea
2025-05-11,41,Pigeon_pea
2025-05-18,50,Pigeon_pea
2025-05-25,42,Pigeon_pea
2025-06-01,46,Pigeon_pea
2025-06-08,50,Pigeon_pea
2025-06-15,44,Pigeon_pea
2025-06-22,39,Pigeon_pea
2025-06-29,40,Pigeon_pea
2025-07-06,42,Pigeon_pea
2025-07-13,46,Pigeon_pea
2025-07-20,34,Pigeon_pea
2025-07-27,42,Pigeon_pea
2025-08-03,37,Pigeon_pea
2025-08-10,40,Pigeon_pea
2025-08-17,43,Pigeon_pea
2025-08-24,42,Pigeon_pea
2025-08-31,45,Pigeon_pea
2025-09-07,41,Pigeon_pea
2025-09-14,39,Pigeon_pea
2025-09-21,44,Pigeon_pea
2025-09-28,35,Pigeon_pea
2025-10-05,51,Pigeon_pea
2025-10-12,52,Pigeon_pea
2020-10-11,82,Potato
2020-10-18,86,Potato
2020-10-25,83,Potato
2020-11-01,82,Potato
2020-11-08,71,Potato
2020-11-15,82,Potato
2020-11-22,92,Potato
2020-11-29,87,Potato
2020-12-06,87,Potato
2020-12-13,93,Potato
2020-12-20,87,Potato
2020-12-27,83,Potato
2021-01-03,87,Potato
2021-01-10,87,Potato
2021-01-17,85,Potato
2021-01-24,93,Potato
2021-01-31,89,Potato
2021-02-07,82,Potato
2021-02-14,83,Potato
2021-02-21,91,Potato
2021-02-28,92,Potato
2021-03-07,100,Potato
2021-03-14,91,Potato
2021-03-21,86,Potato
2021-03-28,74,Potato
2021-04-04,77,Potato
2021-04-11,78,Potato
2021-04-18,78,Potato
2021-04-25,80,Potato
2021-05-02,86,Potato
2021-05-09,90,Potato
2021-05-16,96,Potato
2021-05-23,99,Potato
2021-05-30,94,Potato
2021-06-06,92,Potato
2021-06-13,89,Potato
2021-06-20,80,Potato
2021-06-27,81,Potato
2021-07-04,85,Potato
2021-07-11,82,Potato
2021-07-18,82,Potato
2021-07-25,80,Potato
2021-08-01,75,Potato
2021-08-08,75,Potato
2021-08-15,72,Potato
2021-08-22,69,Potato
2021-08-29,71,Potato
2021-09-05,66,Potato
2021-09-12,69,Potato
2021-09-19,71,Potato
2021-09-26,74,Potato
2021-10-03,72,Potato
2021-10-10,66,Potato
2021-10-17,67,Potato
2021-10-24,77,Potato
2021-10-31,59,Potato
2021-11-07,65,Potato
2021-11-14,72,Potato
2021-11-21,70,Potato
2021-11-28,76,Potato
2021-12-05,80,Potato
2021-12-12,75,Potato
2021-12-19,71,Potato
2021-12-26,69,Potato
2022-01-02,85,Potato
2022-01-09,84,Potato
2022-01-16,84,Potato
2022-01-23,89,Potato
2022-01-30,84,Potato
2022-02-06,90,Potato
2022-02-13,91,Potato
2022-02-20,88,Potato
2022-02-27,98,Potato
2022-03-06,89,Potato
2022-03-13,82,Potato
2022-03-20,84,Potato
2022-03-27,79,Potato
2022-04-03,79,Potato
2022-04-10,74,Potato
2022-04-17,74,Potato
2022-04-24,73,Potato
2022-05-01,71,Potato
2022-05-08,71,Potato
2022-05-15,71,Potato
2022-05-22,71,Potato
2022-05-29,70,Potato
2022-06-05,75,Potato
2022-06-12,75,Potato
2022-06-19,81,Potato
2022-06-26,80,Potato
2022-07-03,80,Potato
2022-07-10,81,Potato
2022-07-17,77,Potato
2022-07-24,78,Potato
2022-07-31,78,Potato
2022-08-07,72,Potato
2022-08-14,74,Potato
2022-08-21,78,Potato
2022-08-28,72,Potato
2022-09-04,70,Potato
2022-09-11,81,Potato
2022-09-18,80,Potato
2022-09-25,85,Potato
2022-10-02,73,Potato
2022-10-09,82,Potato
2022-10-16,77,Potato
2022-10-23,70,Potato
2022-10-30,82,Potato
2022-11-06,82,Potato
2022-11-13,89,Potato
2022-11-20,82,Potato
2022-11-27,84,Potato
2022-12-04,84,Potato
2022-12-11,78,Potato
2022-12-18,78,Potato
2022-12-25,88,Potato
2023-01-01,83,Potato
2023-01-08,86,Potato
2023-01-15,83,Potato
2023-01-22,82,Potato
2023-01-29,83,Potato
2023-02-05,85,Potato
2023-02-12,96,Potato
2023-02-19,89,Potato
2023-02-26,86,Potato
2023-03-05,82,Potato
2023-03-12,86,Potato
2023-03-19,80,Potato
2023-03-26,78,Potato
2023-04-02,75,Potato
2023-04-09,78,Potato
2023-04-16,70,Potato
2023-04-23,71,Potato
2023-04-30,69,Potato
2023-05-07,66,Potato
2023-05-14,64,Potato
2023-05-21,67,Potato
2023-05-28,71,Potato
2023-06-04,73,Potato
2023-06-11,80,Potato
2023-06-18,80,Potato
2023-06-25,82,Potato
2023-07-02,86,Potato
2023-07-09,76,Potato
2023-07-16,76,Potato
2023-07-23,77,Potato
2023-07-30,75,Potato
2023-08-06,74,Potato
2023-08-13,74,Potato
2023-08-20,75,Potato
2023-08-27,68,Potato
2023-09-03,73,Potato
2023-09-10,73,Potato
2023-09-17,71,Potato
2023-09-24,74,Potato
2023-10-01,76,Potato
2023-10-08,74,Potato
2023-10-15,82,Potato
2023-10-22,77,Potato
2023-10-29,79,Potato
2023-11-05,72,Potato
2023-11-12,69,Potato
2023-11-19,87,Potato
2023-11-26,81,Potato
2023-12-03,84,Potato
2023-12-10,88,Potato
2023-12-17,84,Potato
2023-12-24,81,Potato
2023-12-31,80,Potato
2024-01-07,86,Potato
2024-01-14,84,Potato
2024-01-21,78,Potato
2024-01-28,85,Potato
2024-02-04,83,Potato
2024-02-11,84,Potato
2024-02-18,79,Potato
2024-02-25,80,Potato
2024-03-03,90,Potato
2024-03-10,82,Potato
2024-03-17,72,Potato
2024-03-24,68,Potato
2024-03-31,71,Potato
2024-04-07,68,Potato
2024-04-14,69,Potato
2024-04-21,66,Potato
2024-04-28,66,Potato
2024-05-05,60,Potato
2024-05-12,59,Potato
2024-05-19,66,Potato
2024-05-26,69,Potato
2024-06-02,60,Potato
2024-06-09,65,Potato
2024-06-16,69,Potato
2024-06-23,71,Potato
2024-06-30,73,Potato
2024-07-07,73,Potato
2024-07-14,78,Potato
2024-07-21,80,Potato
2024-07-28,74,Potato
2024-08-04,71,Potato
2024-08-11,65,Potato
2024-08-18,72,Potato
2024-08-25,72,Potato
2024-09-01,69,Potato
2024-09-08,72,Potato
2024-09-15,74,Potato
2024-09-22,75,Potato
2024-09-29,80,Potato
2024-10-06,77,Potato
2024-10-13,76,Potato
2024-10-20,78,Potato
2024-10-27,59,Potato
2024-11-03,70,Potato
2024-11-10,82,Potato
2024-11-17,80,Potato
2024-11-24,82,Potato
2024-12-01,83,Potato
2024-12-08,81,Potato
2024-12-15,83,Potato
2024-12-22,77,Potato
2024-12-29,83,Potato
2025-01-05,86,Potato
2025-01-12,83,Potato
2025-01-19,79,Potato
2025-01-26,85,Potato
2025-02-02,81,Potato
2025-02-09,75,Potato
2025-02-16,88,Potato
2025-02-23,97,Potato
2025-03-02,89,Potato
2025-03-09,89,Potato
2025-03-16,93,Potato
2025-03-23,85,Potato
2025-03-30,90,Potato
2025-04-06,84,Potato
2025-04-13,72,Potato
2025-04-20,71,Potato
2025-04-27,65,Potato
2025-05-04,59,Potato
2025-05-11,66,Potato
2025-05-18,69,Potato
2025-05-25,69,Potato
2025-06-01,67,Potato
2025-06-08,74,Potato
2025-06-15,71,Potato
2025-06-22,81,Potato
2025-06-29,78,Potato
2025-07-06,72,Potato
2025-07-13,77,Potato
2025-07-20,77,Potato
2025-07-27,77,Potato
2025-08-03,72,Potato
2025-08-10,69,Potato
2025-08-17,72,Potato
2025-08-24,68,Potato
2025-08-31,67,Potato
2025-09-07,65,Potato
2025-09-14,72,Potato
2025-09-21,81,Potato
2025-09-28,70,Potato
2025-10-05,73,Potato
2025-10-12,82,Potato
2020-10-11,73,Rice
2020-10-18,71,Rice
2020-10-25,68,Rice
2020-11-01,71,Rice
2020-11-08,68,Rice
2020-11-15,73,Rice
2020-11-22,75,Rice
2020-11-29,75,Rice
2020-12-06,73,Rice
2020-12-13,73,Rice
2020-12-20,74,Rice
2020-12-27,71,Rice
2021-01-03,73,Rice
2021-01-10,69,Rice
2021-01-17,73,Rice
2021-01-24,71,Rice
2021-01-31,74,Rice
2021-02-07,71,Rice
2021-02-14,66,Rice
2021-02-21,71,Rice
2021-02-28,71,Rice
2021-03-07,71,Rice
2021-03-14,69,Rice
2021-03-21,68,Rice
2021-03-28,67,Rice
2021-04-04,69,Rice
2021-04-11,69,Rice
2021-04-18,67,Rice
2021-04-25,67,Rice
2021-05-02,78,Rice
2021-05-09,88,Rice
2021-05-16,87,Rice
2021-05-23,89,Rice
2021-05-30,89,Rice
2021-06-06,84,Rice
2021-06-13,80,Rice
2021-06-20,76,Rice
2021-06-27,79,Rice
2021-07-04,78,Rice
2021-07-11,73,Rice
2021-07-18,71,Rice
2021-07-25,71,Rice
2021-08-01,70,Rice
2021-08-08,70,Rice
2021-08-15,71,Rice
2021-08-22,69,Rice
2021-08-29,69,Rice
2021-09-05,67,Rice
2021-09-12,69,Rice
2021-09-19,65,Rice
2021-09-26,67,Rice
2021-10-03,65,Rice
2021-10-10,60,Rice
2021-10-17,66,Rice
2021-10-24,64,Rice
2021-10-31,58,Rice
2021-11-07,65,Rice
2021-11-14,60,Rice
2021-11-21,62,Rice
2021-11-28,66,Rice
2021-12-05,64,Rice
2021-12-12,63,Rice
2021-12-19,62,Rice
2021-12-26,58,Rice
2022-01-02,72,Rice
2022-01-09,67,Rice
2022-01-16,61,Rice
2022-01-23,67,Rice
2022-01-30,69,Rice
2022-02-06,69,Rice
2022-02-13,73,Rice
2022-02-20,75,Rice
2022-02-27,75,Rice
2022-03-06,75,Rice
2022-03-13,72,Rice
2022-03-20,69,Rice
2022-03-27,64,Rice
2022-04-03,71,Rice
2022-04-10,69,Rice
2022-04-17,66,Rice
2022-04-24,65,Rice
2022-05-01,68,Rice
2022-05-08,65,Rice
2022-05-15,64,Rice
2022-05-22,66,Rice
2022-05-29,68,Rice
2022-06-05,68,Rice
2022-06-12,70,Rice
2022-06-19,74,Rice
2022-06-26,70,Rice
2022-07-03,73,Rice
2022-07-10,71,Rice
2022-07-17,73,Rice
2022-07-24,68,Rice
2022-07-31,70,Rice
2022-08-07,68,Rice
2022-08-14,71,Rice
2022-08-21,72,Rice
2022-08-28,70,Rice
2022-09-04,70,Rice
2022-09-11,72,Rice
2022-09-18,71,Rice
2022-09-25,70,Rice
2022-10-02,67,Rice
2022-10-09,72,Rice
2022-10-16,70,Rice
2022-10-23,65,Rice
2022-10-30,68,Rice
2022-11-06,67,Rice
2022-11-13,71,Rice
2022-11-20,71,Rice
2022-11-27,69,Rice
2022-12-04,66,Rice
2022-12-11,67,Rice
2022-12-18,67,Rice
2022-12-25,68,Rice
2023-01-01,71,Rice
2023-01-08,73,Rice
2023-01-15,70,Rice
2023-01-22,72,Rice
2023-01-29,71,Rice
2023-02-05,72,Rice
2023-02-12,68,Rice
2023-02-19,75,Rice
2023-02-26,73,Rice
2023-03-05,72,Rice
2023-03-12,74,Rice
2023-03-19,70,Rice
2023-03-26,68,Rice
2023-04-02,69,Rice
2023-04-09,70,Rice
2023-04-16,67,Rice
2023-04-23,67,Rice
2023-04-30,67,Rice
2023-05-07,63,Rice
2023-05-14,62,Rice
2023-05-21,65,Rice
2023-05-28,71,Rice
2023-06-04,73,Rice
2023-06-11,76,Rice
2023-06-18,76,Rice
2023-06-25,81,Rice
2023-07-02,79,Rice
2023-07-09,77,Rice
2023-07-16,78,Rice
2023-07-23,92,Rice
2023-07-30,79,Rice
2023-08-06,77,Rice
2023-08-13,72,Rice
2023-08-20,75,Rice
2023-08-27,73,Rice
2023-09-03,78,Rice
2023-09-10,72,Rice
2023-09-17,80,Rice
2023-09-24,77,Rice
2023-10-01,75,Rice
2023-10-08,72,Rice
2023-10-15,70,Rice
2023-10-22,71,Rice
2023-10-29,73,Rice
2023-11-05,73,Rice
2023-11-12,70,Rice
2023-11-19,76,Rice
2023-11-26,79,Rice
2023-12-03,77,Rice
2023-12-10,85,Rice
2023-12-17,77,Rice
2023-12-24,76,Rice
2023-12-31,83,Rice
2024-01-07,80,Rice
2024-01-14,79,Rice
2024-01-21,77,Rice
2024-01-28,83,Rice
2024-02-04,100,Rice
2024-02-11,84,Rice
2024-02-18,82,Rice
2024-02-25,81,Rice
2024-03-03,82,Rice
2024-03-10,81,Rice
2024-03-17,76,Rice
2024-03-24,74,Rice
2024-03-31,71,Rice
2024-04-07,78,Rice
2024-04-14,74,Rice
2024-04-21,70,Rice
2024-04-28,72,Rice
2024-05-05,72,Rice
2024-05-12,72,Rice
2024-05-19,76,Rice
2024-05-26,78,Rice
2024-06-02,69,Rice
2024-06-09,75,Rice
2024-06-16,80,Rice
2024-06-23,75,Rice
2024-06-30,80,Rice
2024-07-07,81,Rice
2024-07-14,80,Rice
2024-07-21,80,Rice
2024-07-28,79,Rice
2024-08-04,78,Rice
2024-08-11,79,Rice
2024-08-18,79,Rice
2024-08-25,82,Rice
2024-09-01,84,Rice
2024-09-08,87,Rice
2024-09-15,84,Rice
2024-09-22,82,Rice
2024-09-29,85,Rice
2024-10-06,74,Rice
2024-10-13,81,Rice
2024-10-20,79,Rice
2024-10-27,79,Rice
2024-11-03,83,Rice
2024-11-10,84,Rice
2024-11-17,79,Rice
2024-11-24,82,Rice
2024-12-01,83,Rice
2024-12-08,84,Rice
2024-12-15,78,Rice
2024-12-22,75,Rice
2024-12-29,78,Rice
2025-01-05,81,Rice
2025-01-12,76,Rice
2025-01-19,82,Rice
2025-01-26,81,Rice
2025-02-02,82,Rice
2025-02-09,80,Rice
2025-02-16,80,Rice
2025-02-23,83,Rice
2025-03-02,81,Rice
2025-03-09,80,Rice
2025-03-16,80,Rice
2025-03-23,75,Rice
2025-03-30,76,Rice
2025-04-06,79,Rice
2025-04-13,87,Rice
2025-04-20,77,Rice
2025-04-27,76,Rice
2025-05-04,77,Rice
2025-05-11,80,Rice
2025-05-18,81,Rice
2025-05-25,76,Rice
2025-06-01,85,Rice
2025-06-08,83,Rice
2025-06-15,82,Rice
2025-06-22,82,Rice
2025-06-29,84,Rice
2025-07-06,87,Rice
2025-07-13,83,Rice
2025-07-20,83,Rice
2025-07-27,83,Rice
2025-08-03,82,Rice
2025-08-10,84,Rice
2025-08-17,84,Rice
2025-08-24,86,Rice
2025-08-31,88,Rice
2025-09-07,82,Rice
2025-09-14,77,Rice
2025-09-21,82,Rice
2025-09-28,79,Rice
2025-10-05,85,Rice
2025-10-12,86,Rice
2020-10-11,18,Rose
2020-10-18,18,Rose
2020-10-25,18,Rose
2020-11-01,18,Rose
2020-11-08,19,Rose
2020-11-15,20,Rose
2020-11-22,20,Rose
2020-11-29,19,Rose
2020-12-06,19,Rose
2020-12-13,18,Rose
2020-12-20,19,Rose
2020-12-27,20,Rose
2021-01-03,20,Rose
2021-01-10,19,Rose
2021-01-17,21,Rose
2021-01-24,20,Rose
2021-01-31,39,Rose
2021-02-07,99,Rose
2021-02-14,24,Rose
2021-02-21,22,Rose
2021-02-28,19,Rose
2021-03-07,19,Rose
2021-03-14,19,Rose
2021-03-21,19,Rose
2021-03-28,19,Rose
2021-04-04,19,Rose
2021-04-11,17,Rose
2021-04-18,17,Rose
2021-04-25,18,Rose
2021-05-02,19,Rose
2021-05-09,20,Rose
2021-05-16,19,Rose
2021-05-23,22,Rose
2021-05-30,21,Rose
2021-06-06,20,Rose
2021-06-13,25,Rose
2021-06-20,22,Rose
2021-06-27,20,Rose
2021-07-04,20,Rose
2021-07-11,19,Rose
2021-07-18,20,Rose
2021-07-25,20,Rose
2021-08-01,18,Rose
2021-08-08,18,Rose
2021-08-15,18,Rose
2021-08-22,18,Rose
2021-08-29,18,Rose
2021-09-05,18,Rose
2021-09-12,19,Rose
2021-09-19,19,Rose
2021-09-26,17,Rose
2021-10-03,16,Rose
2021-10-10,17,Rose
2021-10-17,18,Rose
2021-10-24,17,Rose
2021-10-31,17,Rose
2021-11-07,18,Rose
2021-11-14,18,Rose
2021-11-21,17,Rose
2021-11-28,17,Rose
2021-12-05,18,Rose
2021-12-12,18,Rose
2021-12-19,17,Rose
2021-12-26,17,Rose
2022-01-02,17,Rose
2022-01-09,18,Rose
2022-01-16,16,Rose
2022-01-23,18,Rose
2022-01-30,22,Rose
2022-02-06,100,Rose
2022-02-13,24,Rose
2022-02-20,21,Rose
2022-02-27,21,Rose
2022-03-06,19,Rose
2022-03-13,19,Rose
2022-03-20,18,Rose
2022-03-27,18,Rose
2022-04-03,18,Rose
2022-04-10,18,Rose
2022-04-17,16,Rose
2022-04-24,18,Rose
2022-05-01,19,Rose
2022-05-08,18,Rose
2022-05-15,17,Rose
2022-05-22,16,Rose
2022-05-29,17,Rose
2022-06-05,16,Rose
2022-06-12,16,Rose
2022-06-19,18,Rose
2022-06-26,17,Rose
2022-07-03,20,Rose
2022-07-10,17,Rose
2022-07-17,15,Rose
2022-07-24,16,Rose
2022-07-31,17,Rose
2022-08-07,17,Rose
2022-08-14,17,Rose
2022-08-21,17,Rose
2022-08-28,17,Rose
2022-09-04,17,Rose
2022-09-11,17,Rose
2022-09-18,17,Rose
2022-09-25,16,Rose
2022-10-02,17,Rose
2022-10-09,16,Rose
2022-10-16,16,Rose
2022-10-23,17,Rose
2022-10-30,17,Rose
2022-11-06,17,Rose
2022-11-13,19,Rose
2022-11-20,16,Rose
2022-11-27,16,Rose
2022-12-04,17,Rose
2022-12-11,17,Rose
2022-12-18,18,Rose
2022-12-25,20,Rose
2023-01-01,19,Rose
2023-01-08,19,Rose
2023-01-15,20,Rose
2023-01-22,20,Rose
2023-01-29,21,Rose
2023-02-05,90,Rose
2023-02-12,25,Rose
2023-02-19,21,Rose
2023-02-26,19,Rose
2023-03-05,19,Rose
2023-03-12,19,Rose
2023-03-19,18,Rose
2023-03-26,18,Rose
2023-04-02,17,Rose
2023-04-09,18,Rose
2023-04-16,17,Rose
2023-04-23,18,Rose
2023-04-30,17,Rose
2023-05-07,17,Rose
2023-05-14,17,Rose
2023-05-21,17,Rose
2023-05-28,17,Rose
2023-06-04,18,Rose
2023-06-11,18,Rose
2023-06-18,18,Rose
2023-06-25,19,Rose
2023-07-02,18,Rose
2023-07-09,17,Rose
2023-07-16,16,Rose
2023-07-23,17,Rose
2023-07-30,17,Rose
2023-08-06,16,Rose
2023-08-13,16,Rose
2023-08-20,17,Rose
2023-08-27,16,Rose
2023-09-03,18,Rose
2023-09-10,17,Rose
2023-09-17,17,Rose
2023-09-24,15,Rose
2023-10-01,16,Rose
2023-10-08,15,Rose
2023-10-15,15,Rose
2023-10-22,15,Rose
2023-10-29,16,Rose
2023-11-05,16,Rose
2023-11-12,17,Rose
2023-11-19,17,Rose
2023-11-26,17,Rose
2023-12-03,17,Rose
2023-12-10,18,Rose
2023-12-17,16,Rose
2023-12-24,19,Rose
2023-12-31,18,Rose
2024-01-07,18,Rose
2024-01-14,16,Rose
2024-01-21,18,Rose
2024-01-28,20,Rose
2024-02-04,64,Rose
2024-02-11,22,Rose
2024-02-18,19,Rose
2024-02-25,17,Rose
2024-03-03,17,Rose
2024-03-10,17,Rose
2024-03-17,16,Rose
2024-03-24,18,Rose
2024-03-31,17,Rose
2024-04-07,19,Rose
2024-04-14,19,Rose
2024-04-21,20,Rose
2024-04-28,18,Rose
2024-05-05,18,Rose
2024-05-12,16,Rose
2024-05-19,19,Rose
2024-05-26,18,Rose
2024-06-02,17,Rose
2024-06-09,18,Rose
2024-06-16,17,Rose
2024-06-23,16,Rose
2024-06-30,17,Rose
2024-07-07,16,Rose
2024-07-14,17,Rose
2024-07-21,17,Rose
2024-07-28,17,Rose
2024-08-04,18,Rose
2024-08-11,18,Rose
2024-08-18,17,Rose
2024-08-25,17,Rose
2024-09-01,18,Rose
2024-09-08,18,Rose
2024-09-15,17,Rose
2024-09-22,17,Rose
2024-09-29,16,Rose
2024-10-06,17,Rose
2024-10-13,17,Rose
2024-10-20,18,Rose
2024-10-27,19,Rose
2024-11-03,18,Rose
2024-11-10,19,Rose
2024-11-17,25,Rose
2024-11-24,23,Rose
2024-12-01,21,Rose
2024-12-08,19,Rose
2024-12-15,19,Rose
2024-12-22,20,Rose
2024-12-29,20,Rose
2025-01-05,23,Rose
2025-01-12,21,Rose
2025-01-19,21,Rose
2025-01-26,21,Rose
2025-02-02,57,Rose
2025-02-09,28,Rose
2025-02-16,21,Rose
2025-02-23,21,Rose
2025-03-02,18,Rose
2025-03-09,19,Rose
2025-03-16,19,Rose
2025-03-23,18,Rose
2025-03-30,17,Rose
2025-04-06,18,Rose
2025-04-13,19,Rose
2025-04-20,18,Rose
2025-04-27,18,Rose
2025-05-04,17,Rose
2025-05-11,18,Rose
2025-05-18,18,Rose
2025-05-25,18,Rose
2025-06-01,18,Rose
2025-06-08,19,Rose
2025-06-15,18,Rose
2025-06-22,17,Rose
2025-06-29,17,Rose
2025-07-06,17,Rose
2025-07-13,19,Rose
2025-07-20,19,Rose
2025-07-27,18,Rose
2025-08-03,19,Rose
2025-08-10,18,Rose
2025-08-17,17,Rose
2025-08-24,19,Rose
2025-08-31,19,Rose
2025-09-07,17,Rose
2025-09-14,18,Rose
2025-09-21,16,Rose
2025-09-28,17,Rose
2025-10-05,17,Rose
2025-10-12,17,Rose
2020-10-11,66,Rubber
2020-10-18,64,Rubber
2020-10-25,69,Rubber
2020-11-01,68,Rubber
2020-11-08,62,Rubber
2020-11-15,65,Rubber
2020-11-22,71,Rubber
2020-11-29,68,Rubber
2020-12-06,73,Rubber
2020-12-13,74,Rubber
2020-12-20,67,Rubber
2020-12-27,63,Rubber
2021-01-03,68,Rubber
2021-01-10,63,Rubber
2021-01-17,70,Rubber
2021-01-24,73,Rubber
2021-01-31,69,Rubber
2021-02-07,67,Rubber
2021-02-14,72,Rubber
2021-02-21,72,Rubber
2021-02-28,72,Rubber
2021-03-07,74,Rubber
2021-03-14,78,Rubber
2021-03-21,69,Rubber
2021-03-28,61,Rubber
2021-04-04,65,Rubber
2021-04-11,56,Rubber
2021-04-18,53,Rubber
2021-04-25,50,Rubber
2021-05-02,56,Rubber
2021-05-09,52,Rubber
2021-05-16,59,Rubber
2021-05-23,61,Rubber
2021-05-30,66,Rubber
2021-06-06,69,Rubber
2021-06-13,70,Rubber
2021-06-20,68,Rubber
2021-06-27,73,Rubber
2021-07-04,73,Rubber
2021-07-11,74,Rubber
2021-07-18,71,Rubber
2021-07-25,73,Rubber
2021-08-01,72,Rubber
2021-08-08,72,Rubber
2021-08-15,71,Rubber
2021-08-22,72,Rubber
2021-08-29,67,Rubber
2021-09-05,67,Rubber
2021-09-12,69,Rubber
2021-09-19,65,Rubber
2021-09-26,62,Rubber
2021-10-03,62,Rubber
2021-10-10,54,Rubber
2021-10-17,65,Rubber
2021-10-24,65,Rubber
2021-10-31,46,Rubber
2021-11-07,60,Rubber
2021-11-14,61,Rubber
2021-11-21,69,Rubber
2021-11-28,70,Rubber
2021-12-05,62,Rubber
2021-12-12,66,Rubber
2021-12-19,59,Rubber
2021-12-26,58,Rubber
2022-01-02,74,Rubber
2022-01-09,74,Rubber
2022-01-16,70,Rubber
2022-01-23,83,Rubber
2022-01-30,81,Rubber
2022-02-06,79,Rubber
2022-02-13,87,Rubber
2022-02-20,92,Rubber
2022-02-27,85,Rubber
2022-03-06,84,Rubber
2022-03-13,79,Rubber
2022-03-20,77,Rubber
2022-03-27,73,Rubber
2022-04-03,74,Rubber
2022-04-10,68,Rubber
2022-04-17,68,Rubber
2022-04-24,71,Rubber
2022-05-01,68,Rubber
2022-05-08,67,Rubber
2022-05-15,69,Rubber
2022-05-22,68,Rubber
2022-05-29,68,Rubber
2022-06-05,70,Rubber
2022-06-12,73,Rubber
2022-06-19,71,Rubber
2022-06-26,71,Rubber
2022-07-03,70,Rubber
2022-07-10,71,Rubber
2022-07-17,70,Rubber
2022-07-24,68,Rubber
2022-07-31,72,Rubber
2022-08-07,70,Rubber
2022-08-14,65,Rubber
2022-08-21,73,Rubber
2022-08-28,66,Rubber
2022-09-04,71,Rubber
2022-09-11,82,Rubber
2022-09-18,76,Rubber
2022-09-25,70,Rubber
2022-10-02,66,Rubber
2022-10-09,75,Rubber
2022-10-16,74,Rubber
2022-10-23,59,Rubber
2022-10-30,69,Rubber
2022-11-06,68,Rubber
2022-11-13,76,Rubber
2022-11-20,73,Rubber
2022-11-27,73,Rubber
2022-12-04,70,Rubber
2022-12-11,71,Rubber
2022-12-18,74,Rubber
2022-12-25,74,Rubber
2023-01-01,74,Rubber
2023-01-08,73,Rubber
2023-01-15,76,Rubber
2023-01-22,75,Rubber
2023-01-29,80,Rubber
2023-02-05,75,Rubber
2023-02-12,76,Rubber
2023-02-19,80,Rubber
2023-02-26,73,Rubber
2023-03-05,71,Rubber
2023-03-12,76,Rubber
2023-03-19,74,Rubber
2023-03-26,69,Rubber
2023-04-02,65,Rubber
2023-04-09,68,Rubber
2023-04-16,65,Rubber
2023-04-23,70,Rubber
2023-04-30,65,Rubber
2023-05-07,65,Rubber
2023-05-14,67,Rubber
2023-05-21,67,Rubber
2023-05-28,68,Rubber
2023-06-04,73,Rubber
2023-06-11,78,Rubber
2023-06-18,77,Rubber
2023-06-25,84,Rubber
2023-07-02,80,Rubber
2023-07-09,74,Rubber
2023-07-16,72,Rubber
2023-07-23,74,Rubber
2023-07-30,73,Rubber
2023-08-06,71,Rubber
2023-08-13,72,Rubber
2023-08-20,72,Rubber
2023-08-27,68,Rubber
2023-09-03,68,Rubber
2023-09-10,72,Rubber
2023-09-17,69,Rubber
2023-09-24,70,Rubber
2023-10-01,72,Rubber
2023-10-08,68,Rubber
2023-10-15,69,Rubber
2023-10-22,67,Rubber
2023-10-29,69,Rubber
2023-11-05,66,Rubber
2023-11-12,67,Rubber
2023-11-19,72,Rubber
2023-11-26,74,Rubber
2023-12-03,71,Rubber
2023-12-10,77,Rubber
2023-12-17,72,Rubber
2023-12-24,75,Rubber
2023-12-31,73,Rubber
2024-01-07,76,Rubber
2024-01-14,73,Rubber
2024-01-21,68,Rubber
2024-01-28,79,Rubber
2024-02-04,78,Rubber
2024-02-11,74,Rubber
2024-02-18,79,Rubber
2024-02-25,80,Rubber
2024-03-03,75,Rubber
2024-03-10,77,Rubber
2024-03-17,82,Rubber
2024-03-24,71,Rubber
2024-03-31,69,Rubber
2024-04-07,69,Rubber
2024-04-14,70,Rubber
2024-04-21,72,Rubber
2024-04-28,74,Rubber
2024-05-05,67,Rubber
2024-05-12,68,Rubber
2024-05-19,69,Rubber
2024-05-26,73,Rubber
2024-06-02,66,Rubber
2024-06-09,73,Rubber
2024-06-16,75,Rubber
2024-06-23,75,Rubber
2024-06-30,76,Rubber
2024-07-07,78,Rubber
2024-07-14,78,Rubber
2024-07-21,75,Rubber
2024-07-28,78,Rubber
2024-08-04,85,Rubber
2024-08-11,85,Rubber
2024-08-18,83,Rubber
2024-08-25,82,Rubber
2024-09-01,77,Rubber
2024-09-08,84,Rubber
2024-09-15,86,Rubber
2024-09-22,99,Rubber
2024-09-29,100,Rubber
2024-10-06,92,Rubber
2024-10-13,96,Rubber
2024-10-20,94,Rubber
2024-10-27,81,Rubber
2024-11-03,90,Rubber
2024-11-10,93,Rubber
2024-11-17,87,Rubber
2024-11-24,88,Rubber
2024-12-01,89,Rubber
2024-12-08,87,Rubber
2024-12-15,83,Rubber
2024-12-22,81,Rubber
2024-12-29,80,Rubber
2025-01-05,89,Rubber
2025-01-12,84,Rubber
2025-01-19,87,Rubber
2025-01-26,83,Rubber
2025-02-02,82,Rubber
2025-02-09,85,Rubber
2025-02-16,80,Rubber
2025-02-23,82,Rubber
2025-03-02,83,Rubber
2025-03-09,80,Rubber
2025-03-16,87,Rubber
2025-03-23,75,Rubber
2025-03-30,80,Rubber
2025-04-06,82,Rubber
2025-04-13,76,Rubber
2025-04-20,79,Rubber
2025-04-27,87,Rubber
2025-05-04,86,Rubber
2025-05-11,83,Rubber
2025-05-18,85,Rubber
2025-05-25,83,Rubber
2025-06-01,81,Rubber
2025-06-08,86,Rubber
2025-06-15,85,Rubber
2025-06-22,85,Rubber
2025-06-29,82,Rubber
2025-07-06,85,Rubber
2025-07-13,89,Rubber
2025-07-20,85,Rubber
2025-07-27,85,Rubber
2025-08-03,87,Rubber
2025-08-10,83,Rubber
2025-08-17,84,Rubber
2025-08-24,83,Rubber
2025-08-31,84,Rubber
2025-09-07,77,Rubber
2025-09-14,79,Rubber
2025-09-21,83,Rubber
2025-09-28,75,Rubber
2025-10-05,83,Rubber
2025-10-12,86,Rubber
2020-10-11,71,Sorghum
2020-10-18,51,Sorghum
2020-10-25,56,Sorghum
2020-11-01,66,Sorghum
2020-11-08,48,Sorghum
2020-11-15,56,Sorghum
2020-11-22,54,Sorghum
2020-11-29,64,Sorghum
2020-12-06,68,Sorghum
2020-12-13,85,Sorghum
2020-12-20,63,Sorghum
2020-12-27,64,Sorghum
2021-01-03,70,Sorghum
2021-01-10,66,Sorghum
2021-01-17,72,Sorghum
2021-01-24,64,Sorghum
2021-01-31,65,Sorghum
2021-02-07,72,Sorghum
2021-02-14,80,Sorghum
2021-02-21,72,Sorghum
2021-02-28,72,Sorghum
2021-03-07,67,Sorghum
2021-03-14,66,Sorghum
2021-03-21,65,Sorghum
2021-03-28,69,Sorghum
2021-04-04,60,Sorghum
2021-04-11,57,Sorghum
2021-04-18,53,Sorghum
2021-04-25,49,Sorghum
2021-05-02,48,Sorghum
2021-05-09,55,Sorghum
2021-05-16,68,Sorghum
2021-05-23,57,Sorghum
2021-05-30,68,Sorghum
2021-06-06,66,Sorghum
2021-06-13,74,Sorghum
2021-06-20,62,Sorghum
2021-06-27,66,Sorghum
2021-07-04,72,Sorghum
2021-07-11,64,Sorghum
2021-07-18,56,Sorghum
2021-07-25,56,Sorghum
2021-08-01,60,Sorghum
2021-08-08,59,Sorghum
2021-08-15,58,Sorghum
2021-08-22,74,Sorghum
2021-08-29,56,Sorghum
2021-09-05,52,Sorghum
2021-09-12,97,Sorghum
2021-09-19,52,Sorghum
2021-09-26,59,Sorghum
2021-10-03,61,Sorghum
2021-10-10,47,Sorghum
2021-10-17,63,Sorghum
2021-10-24,64,Sorghum
2021-10-31,40,Sorghum
2021-11-07,57,Sorghum
2021-11-14,61,Sorghum
2021-11-21,84,Sorghum
2021-11-28,62,Sorghum
2021-12-05,63,Sorghum
2021-12-12,64,Sorghum
2021-12-19,59,Sorghum
2021-12-26,61,Sorghum
2022-01-02,67,Sorghum
2022-01-09,58,Sorghum
2022-01-16,61,Sorghum
2022-01-23,77,Sorghum
2022-01-30,64,Sorghum
2022-02-06,69,Sorghum
2022-02-13,81,Sorghum
2022-02-20,87,Sorghum
2022-02-27,83,Sorghum
2022-03-06,67,Sorghum
2022-03-13,75,Sorghum
2022-03-20,76,Sorghum
2022-03-27,70,Sorghum
2022-04-03,76,Sorghum
2022-04-10,70,Sorghum
2022-04-17,76,Sorghum
2022-04-24,78,Sorghum
2022-05-01,62,Sorghum
2022-05-08,55,Sorghum
2022-05-15,62,Sorghum
2022-05-22,64,Sorghum
2022-05-29,65,Sorghum
2022-06-05,51,Sorghum
2022-06-12,58,Sorghum
2022-06-19,69,Sorghum
2022-06-26,62,Sorghum
2022-07-03,63,Sorghum
2022-07-10,69,Sorghum
2022-07-17,53,Sorghum
2022-07-24,63,Sorghum
2022-07-31,58,Sorghum
2022-08-07,52,Sorghum
2022-08-14,53,Sorghum
2022-08-21,70,Sorghum
2022-08-28,59,Sorghum
2022-09-04,64,Sorghum
2022-09-11,61,Sorghum
2022-09-18,63,Sorghum
2022-09-25,60,Sorghum
2022-10-02,62,Sorghum
2022-10-09,67,Sorghum
2022-10-16,64,Sorghum
2022-10-23,45,Sorghum
2022-10-30,60,Sorghum
2022-11-06,65,Sorghum
2022-11-13,77,Sorghum
2022-11-20,79,Sorghum
2022-11-27,72,Sorghum
2022-12-04,71,Sorghum
2022-12-11,79,Sorghum
2022-12-18,77,Sorghum
2022-12-25,69,Sorghum
2023-01-01,83,Sorghum
2023-01-08,80,Sorghum
2023-01-15,86,Sorghum
2023-01-22,84,Sorghum
2023-01-29,100,Sorghum
2023-02-05,81,Sorghum
2023-02-12,84,Sorghum
2023-02-19,77,Sorghum
2023-02-26,74,Sorghum
2023-03-05,68,Sorghum
2023-03-12,71,Sorghum
2023-03-19,76,Sorghum
2023-03-26,80,Sorghum
2023-04-02,64,Sorghum
2023-04-09,65,Sorghum
2023-04-16,68,Sorghum
2023-04-23,75,Sorghum
2023-04-30,74,Sorghum
2023-05-07,62,Sorghum
2023-05-14,61,Sorghum
2023-05-21,63,Sorghum
2023-05-28,66,Sorghum
2023-06-04,70,Sorghum
2023-06-11,63,Sorghum
2023-06-18,73,Sorghum
2023-06-25,75,Sorghum
2023-07-02,66,Sorghum
2023-07-09,67,Sorghum
2023-07-16,69,Sorghum
2023-07-23,70,Sorghum
2023-07-30,74,Sorghum
2023-08-06,83,Sorghum
2023-08-13,71,Sorghum
2023-08-20,73,Sorghum
2023-08-27,65,Sorghum
2023-09-03,73,Sorghum
2023-09-10,65,Sorghum
2023-09-17,77,Sorghum
2023-09-24,74,Sorghum
2023-10-01,78,Sorghum
2023-10-08,75,Sorghum
2023-10-15,78,Sorghum
2023-10-22,68,Sorghum
2023-10-29,75,Sorghum
2023-11-05,68,Sorghum
2023-11-12,63,Sorghum
2023-11-19,84,Sorghum
2023-11-26,99,Sorghum
2023-12-03,100,Sorghum
2023-12-10,94,Sorghum
2023-12-17,80,Sorghum
2023-12-24,78,Sorghum
2023-12-31,82,Sorghum
2024-01-07,90,Sorghum
2024-01-14,77,Sorghum
2024-01-21,80,Sorghum
2024-01-28,84,Sorghum
2024-02-04,87,Sorghum
2024-02-11,82,Sorghum
2024-02-18,87,Sorghum
2024-02-25,81,Sorghum
2024-03-03,71,Sorghum
2024-03-10,68,Sorghum
2024-03-17,69,Sorghum
2024-03-24,63,Sorghum
2024-03-31,62,Sorghum
2024-04-07,61,Sorghum
2024-04-14,56,Sorghum
2024-04-21,64,Sorghum
2024-04-28,63,Sorghum
2024-05-05,64,Sorghum
2024-05-12,60,Sorghum
2024-05-19,56,Sorghum
2024-05-26,60,Sorghum
2024-06-02,58,Sorghum
2024-06-09,52,Sorghum
2024-06-16,57,Sorghum
2024-06-23,63,Sorghum
2024-06-30,64,Sorghum
2024-07-07,62,Sorghum
2024-07-14,62,Sorghum
2024-07-21,60,Sorghum
2024-07-28,58,Sorghum
2024-08-04,62,Sorghum
2024-08-11,52,Sorghum
2024-08-18,62,Sorghum
2024-08-25,58,Sorghum
2024-09-01,64,Sorghum
2024-09-08,60,Sorghum
2024-09-15,66,Sorghum
2024-09-22,69,Sorghum
2024-09-29,61,Sorghum
2024-10-06,63,Sorghum
2024-10-13,61,Sorghum
2024-10-20,64,Sorghum
2024-10-27,45,Sorghum
2024-11-03,66,Sorghum
2024-11-10,74,Sorghum
2024-11-17,70,Sorghum
2024-11-24,91,Sorghum
2024-12-01,78,Sorghum
2024-12-08,82,Sorghum
2024-12-15,74,Sorghum
2024-12-22,71,Sorghum
2024-12-29,55,Sorghum
2025-01-05,75,Sorghum
2025-01-12,72,Sorghum
2025-01-19,71,Sorghum
2025-01-26,69,Sorghum
2025-02-02,74,Sorghum
2025-02-09,65,Sorghum
2025-02-16,72,Sorghum
2025-02-23,55,Sorghum
2025-03-02,70,Sorghum
2025-03-09,64,Sorghum
2025-03-16,62,Sorghum
2025-03-23,51,Sorghum
2025-03-30,46,Sorghum
2025-04-06,56,Sorghum
2025-04-13,57,Sorghum
2025-04-20,60,Sorghum
2025-04-27,68,Sorghum
2025-05-04,55,Sorghum
2025-05-11,51,Sorghum
2025-05-18,46,Sorghum
2025-05-25,44,Sorghum
2025-06-01,47,Sorghum
2025-06-08,48,Sorghum
2025-06-15,57,Sorghum
2025-06-22,52,Sorghum
2025-06-29,55,Sorghum
2025-07-06,51,Sorghum
2025-07-13,50,Sorghum
2025-07-20,54,Sorghum
2025-07-27,49,Sorghum
2025-08-03,58,Sorghum
2025-08-10,48,Sorghum
2025-08-17,55,Sorghum
2025-08-24,43,Sorghum
2025-08-31,48,Sorghum
2025-09-07,52,Sorghum
2025-09-14,52,Sorghum
2025-09-21,56,Sorghum
2025-09-28,47,Sorghum
2025-10-05,59,Sorghum
2025-10-12,62,Sorghum
2020-10-11,52,Soybean
2020-10-18,52,Soybean
2020-10-25,56,Soybean
2020-11-01,47,Soybean
2020-11-08,43,Soybean
2020-11-15,50,Soybean
2020-11-22,45,Soybean
2020-11-29,64,Soybean
2020-12-06,48,Soybean
2020-12-13,48,Soybean
2020-12-20,45,Soybean
2020-12-27,48,Soybean
2021-01-03,60,Soybean
2021-01-10,51,Soybean
2021-01-17,52,Soybean
2021-01-24,57,Soybean
2021-01-31,54,Soybean
2021-02-07,49,Soybean
2021-02-14,47,Soybean
2021-02-21,51,Soybean
2021-02-28,52,Soybean
2021-03-07,55,Soybean
2021-03-14,55,Soybean
2021-03-21,54,Soybean
2021-03-28,50,Soybean
2021-04-04,54,Soybean
2021-04-11,52,Soybean
2021-04-18,55,Soybean
2021-04-25,57,Soybean
2021-05-02,65,Soybean
2021-05-09,68,Soybean
2021-05-16,75,Soybean
2021-05-23,76,Soybean
2021-05-30,88,Soybean
2021-06-06,82,Soybean
2021-06-13,82,Soybean
2021-06-20,68,Soybean
2021-06-27,67,Soybean
2021-07-04,60,Soybean
2021-07-11,61,Soybean
2021-07-18,58,Soybean
2021-07-25,66,Soybean
2021-08-01,62,Soybean
2021-08-08,60,Soybean
2021-08-15,56,Soybean
2021-08-22,52,Soybean
2021-08-29,51,Soybean
2021-09-05,50,Soybean
2021-09-12,56,Soybean
2021-09-19,62,Soybean
2021-09-26,61,Soybean
2021-10-03,60,Soybean
2021-10-10,62,Soybean
2021-10-17,68,Soybean
2021-10-24,58,Soybean
2021-10-31,42,Soybean
2021-11-07,54,Soybean
2021-11-14,66,Soybean
2021-11-21,82,Soybean
2021-11-28,74,Soybean
2021-12-05,69,Soybean
2021-12-12,62,Soybean
2021-12-19,59,Soybean
2021-12-26,53,Soybean
2022-01-02,65,Soybean
2022-01-09,57,Soybean
2022-01-16,52,Soybean
2022-01-23,52,Soybean
2022-01-30,61,Soybean
2022-02-06,68,Soybean
2022-02-13,70,Soybean
2022-02-20,87,Soybean
2022-02-27,100,Soybean
2022-03-06,85,Soybean
2022-03-13,70,Soybean
2022-03-20,67,Soybean
2022-03-27,58,Soybean
2022-04-03,64,Soybean
2022-04-10,57,Soybean
2022-04-17,61,Soybean
2022-04-24,64,Soybean
2022-05-01,63,Soybean
2022-05-08,62,Soybean
2022-05-15,71,Soybean
2022-05-22,83,Soybean
2022-05-29,86,Soybean
2022-06-05,86,Soybean
2022-06-12,84,Soybean
2022-06-19,83,Soybean
2022-06-26,74,Soybean
2022-07-03,82,Soybean
2022-07-10,76,Soybean
2022-07-17,74,Soybean
2022-07-24,79,Soybean
2022-07-31,79,Soybean
2022-08-07,71,Soybean
2022-08-14,68,Soybean
2022-08-21,71,Soybean
2022-08-28,66,Soybean
2022-09-04,61,Soybean
2022-09-11,68,Soybean
2022-09-18,68,Soybean
2022-09-25,71,Soybean
2022-10-02,77,Soybean
2022-10-09,84,Soybean
2022-10-16,81,Soybean
2022-10-23,74,Soybean
2022-10-30,86,Soybean
2022-11-06,100,Soybean
2022-11-13,89,Soybean
2022-11-20,73,Soybean
2022-11-27,75,Soybean
2022-12-04,68,Soybean
2022-12-11,70,Soybean
2022-12-18,67,Soybean
2022-12-25,73,Soybean
2023-01-01,67,Soybean
2023-01-08,66,Soybean
2023-01-15,62,Soybean
2023-01-22,60,Soybean
2023-01-29,64,Soybean
2023-02-05,60,Soybean
2023-02-12,60,Soybean
2023-02-19,59,Soybean
2023-02-26,62,Soybean
2023-03-05,51,Soybean
2023-03-12,59,Soybean
2023-03-19,59,Soybean
2023-03-26,61,Soybean
2023-04-02,59,Soybean
2023-04-09,54,Soybean
2023-04-16,51,Soybean
2023-04-23,51,Soybean
2023-04-30,56,Soybean
2023-05-07,53,Soybean
2023-05-14,55,Soybean
2023-05-21,69,Soybean
2023-05-28,67,Soybean
2023-06-04,75,Soybean
2023-06-11,86,Soybean
2023-06-18,93,Soybean
2023-06-25,91,Soybean
2023-07-02,79,Soybean
2023-07-09,66,Soybean
2023-07-16,68,Soybean
2023-07-23,67,Soybean
2023-07-30,66,Soybean
2023-08-06,66,Soybean
2023-08-13,67,Soybean
2023-08-20,66,Soybean
2023-08-27,63,Soybean
2023-09-03,58,Soybean
2023-09-10,65,Soybean
2023-09-17,58,Soybean
2023-09-24,62,Soybean
2023-10-01,75,Soybean
2023-10-08,68,Soybean
2023-10-15,72,Soybean
2023-10-22,68,Soybean
2023-10-29,69,Soybean
2023-11-05,66,Soybean
2023-11-12,65,Soybean
2023-11-19,70,Soybean
2023-11-26,66,Soybean
2023-12-03,64,Soybean
2023-12-10,70,Soybean
2023-12-17,63,Soybean
2023-12-24,56,Soybean
2023-12-31,55,Soybean
2024-01-07,59,Soybean
2024-01-14,57,Soybean
2024-01-21,48,Soybean
2024-01-28,52,Soybean
2024-02-04,51,Soybean
2024-02-11,42,Soybean
2024-02-18,47,Soybean
2024-02-25,44,Soybean
2024-03-03,45,Soybean
2024-03-10,48,Soybean
2024-03-17,45,Soybean
2024-03-24,37,Soybean
2024-03-31,42,Soybean
2024-04-07,44,Soybean
2024-04-14,42,Soybean
2024-04-21,41,Soybean
2024-04-28,42,Soybean
2024-05-05,45,Soybean
2024-05-12,47,Soybean
2024-05-19,49,Soybean
2024-05-26,56,Soybean
2024-06-02,53,Soybean
2024-06-09,67,Soybean
2024-06-16,68,Soybean
2024-06-23,59,Soybean
2024-06-30,56,Soybean
2024-07-07,54,Soybean
2024-07-14,52,Soybean
2024-07-21,53,Soybean
2024-07-28,55,Soybean
2024-08-04,53,Soybean
2024-08-11,59,Soybean
2024-08-18,57,Soybean
2024-08-25,59,Soybean
2024-09-01,73,Soybean
2024-09-08,67,Soybean
2024-09-15,73,Soybean
2024-09-22,77,Soybean
2024-09-29,84,Soybean
2024-10-06,66,Soybean
2024-10-13,65,Soybean
2024-10-20,62,Soybean
2024-10-27,48,Soybean
2024-11-03,58,Soybean
2024-11-10,54,Soybean
2024-11-17,52,Soybean
2024-11-24,51,Soybean
2024-12-01,46,Soybean
2024-12-08,45,Soybean
2024-12-15,43,Soybean
2024-12-22,39,Soybean
2024-12-29,40,Soybean
2025-01-05,45,Soybean
2025-01-12,44,Soybean
2025-01-19,44,Soybean
2025-01-26,44,Soybean
2025-02-02,42,Soybean
2025-02-09,39,Soybean
2025-02-16,42,Soybean
2025-02-23,39,Soybean
2025-03-02,39,Soybean
2025-03-09,35,Soybean
2025-03-16,38,Soybean
2025-03-23,38,Soybean
2025-03-30,45,Soybean
2025-04-06,45,Soybean
2025-04-13,41,Soybean
2025-04-20,37,Soybean
2025-04-27,37,Soybean
2025-05-04,38,Soybean
2025-05-11,45,Soybean
2025-05-18,47,Soybean
2025-05-25,50,Soybean
2025-06-01,60,Soybean
2025-06-08,64,Soybean
2025-06-15,74,Soybean
2025-06-22,61,Soybean
2025-06-29,58,Soybean
2025-07-06,53,Soybean
2025-07-13,55,Soybean
2025-07-20,54,Soybean
2025-07-27,55,Soybean
2025-08-03,59,Soybean
2025-08-10,55,Soybean
2025-08-17,56,Soybean
2025-08-24,54,Soybean
2025-08-31,51,Soybean
2025-09-07,47,Soybean
2025-09-14,53,Soybean
2025-09-21,55,Soybean
2025-09-28,52,Soybean
2025-10-05,60,Soybean
2025-10-12,58,Soybean
2020-10-11,46,Sugarcane
2020-10-18,41,Sugarcane
2020-10-25,45,Sugarcane
2020-11-01,46,Sugarcane
2020-11-08,47,Sugarcane
2020-11-15,53,Sugarcane
2020-11-22,62,Sugarcane
2020-11-29,57,Sugarcane
2020-12-06,94,Sugarcane
2020-12-13,62,Sugarcane
2020-12-20,55,Sugarcane
2020-12-27,50,Sugarcane
2021-01-03,63,Sugarcane
2021-01-10,81,Sugarcane
2021-01-17,66,Sugarcane
2021-01-24,64,Sugarcane
2021-01-31,63,Sugarcane
2021-02-07,64,Sugarcane
2021-02-14,68,Sugarcane
2021-02-21,73,Sugarcane
2021-02-28,76,Sugarcane
2021-03-07,81,Sugarcane
2021-03-14,79,Sugarcane
2021-03-21,75,Sugarcane
2021-03-28,70,Sugarcane
2021-04-04,72,Sugarcane
2021-04-11,58,Sugarcane
2021-04-18,51,Sugarcane
2021-04-25,42,Sugarcane
2021-05-02,46,Sugarcane
2021-05-09,42,Sugarcane
2021-05-16,40,Sugarcane
2021-05-23,44,Sugarcane
2021-05-30,45,Sugarcane
2021-06-06,49,Sugarcane
2021-06-13,53,Sugarcane
2021-06-20,46,Sugarcane
2021-06-27,49,Sugarcane
2021-07-04,52,Sugarcane
2021-07-11,51,Sugarcane
2021-07-18,46,Sugarcane
2021-07-25,50,Sugarcane
2021-08-01,54,Sugarcane
2021-08-08,54,Sugarcane
2021-08-15,52,Sugarcane
2021-08-22,68,Sugarcane
2021-08-29,51,Sugarcane
2021-09-05,55,Sugarcane
2021-09-12,57,Sugarcane
2021-09-19,57,Sugarcane
2021-09-26,57,Sugarcane
2021-10-03,53,Sugarcane
2021-10-10,45,Sugarcane
2021-10-17,53,Sugarcane
2021-10-24,51,Sugarcane
2021-10-31,40,Sugarcane
2021-11-07,55,Sugarcane
2021-11-14,57,Sugarcane
2021-11-21,61,Sugarcane
2021-11-28,66,Sugarcane
2021-12-05,50,Sugarcane
2021-12-12,50,Sugarcane
2021-12-19,51,Sugarcane
2021-12-26,46,Sugarcane
2022-01-02,57,Sugarcane
2022-01-09,80,Sugarcane
2022-01-16,70,Sugarcane
2022-01-23,63,Sugarcane
2022-01-30,62,Sugarcane
2022-02-06,65,Sugarcane
2022-02-13,71,Sugarcane
2022-02-20,75,Sugarcane
2022-02-27,82,Sugarcane
2022-03-06,88,Sugarcane
2022-03-13,87,Sugarcane
2022-03-20,81,Sugarcane
2022-03-27,75,Sugarcane
2022-04-03,86,Sugarcane
2022-04-10,74,Sugarcane
2022-04-17,75,Sugarcane
2022-04-24,76,Sugarcane
2022-05-01,69,Sugarcane
2022-05-08,66,Sugarcane
2022-05-15,63,Sugarcane
2022-05-22,59,Sugarcane
2022-05-29,57,Sugarcane
2022-06-05,60,Sugarcane
2022-06-12,57,Sugarcane
2022-06-19,52,Sugarcane
2022-06-26,52,Sugarcane
2022-07-03,49,Sugarcane
2022-07-10,47,Sugarcane
2022-07-17,45,Sugarcane
2022-07-24,46,Sugarcane
2022-07-31,48,Sugarcane
2022-08-07,41,Sugarcane
2022-08-14,43,Sugarcane
2022-08-21,50,Sugarcane
2022-08-28,50,Sugarcane
2022-09-04,46,Sugarcane
2022-09-11,53,Sugarcane
2022-09-18,65,Sugarcane
2022-09-25,51,Sugarcane
2022-10-02,49,Sugarcane
2022-10-09,51,Sugarcane
2022-10-16,50,Sugarcane
2022-10-23,47,Sugarcane
2022-10-30,60,Sugarcane
2022-11-06,62,Sugarcane
2022-11-13,61,Sugarcane
2022-11-20,63,Sugarcane
2022-11-27,58,Sugarcane
2022-12-04,56,Sugarcane
2022-12-11,57,Sugarcane
2022-12-18,69,Sugarcane
2022-12-25,63,Sugarcane
2023-01-01,62,Sugarcane
2023-01-08,89,Sugarcane
2023-01-15,88,Sugarcane
2023-01-22,70,Sugarcane
2023-01-29,66,Sugarcane
2023-02-05,74,Sugarcane
2023-02-12,78,Sugarcane
2023-02-19,87,Sugarcane
2023-02-26,83,Sugarcane
2023-03-05,79,Sugarcane
2023-03-12,87,Sugarcane
2023-03-19,69,Sugarcane
2023-03-26,68,Sugarcane
2023-04-02,63,Sugarcane
2023-04-09,74,Sugarcane
2023-04-16,77,Sugarcane
2023-04-23,73,Sugarcane
2023-04-30,58,Sugarcane
2023-05-07,61,Sugarcane
2023-05-14,65,Sugarcane
2023-05-21,57,Sugarcane
2023-05-28,60,Sugarcane
2023-06-04,61,Sugarcane
2023-06-11,67,Sugarcane
2023-06-18,57,Sugarcane
2023-06-25,51,Sugarcane
2023-07-02,52,Sugarcane
2023-07-09,46,Sugarcane
2023-07-16,51,Sugarcane
2023-07-23,49,Sugarcane
2023-07-30,48,Sugarcane
2023-08-06,50,Sugarcane
2023-08-13,49,Sugarcane
2023-08-20,48,Sugarcane
2023-08-27,49,Sugarcane
2023-09-03,48,Sugarcane
2023-09-10,55,Sugarcane
2023-09-17,53,Sugarcane
2023-09-24,48,Sugarcane
2023-10-01,53,Sugarcane
2023-10-08,49,Sugarcane
2023-10-15,51,Sugarcane
2023-10-22,54,Sugarcane
2023-10-29,58,Sugarcane
2023-11-05,49,Sugarcane
2023-11-12,53,Sugarcane
2023-11-19,63,Sugarcane
2023-11-26,62,Sugarcane
2023-12-03,63,Sugarcane
2023-12-10,64,Sugarcane
2023-12-17,61,Sugarcane
2023-12-24,56,Sugarcane
2023-12-31,62,Sugarcane
2024-01-07,75,Sugarcane
2024-01-14,94,Sugarcane
2024-01-21,65,Sugarcane
2024-01-28,68,Sugarcane
2024-02-04,67,Sugarcane
2024-02-11,68,Sugarcane
2024-02-18,78,Sugarcane
2024-02-25,80,Sugarcane
2024-03-03,86,Sugarcane
2024-03-10,91,Sugarcane
2024-03-17,74,Sugarcane
2024-03-24,68,Sugarcane
2024-03-31,74,Sugarcane
2024-04-07,100,Sugarcane
2024-04-14,76,Sugarcane
2024-04-21,75,Sugarcane
2024-04-28,77,Sugarcane
2024-05-05,72,Sugarcane
2024-05-12,61,Sugarcane
2024-05-19,65,Sugarcane
2024-05-26,66,Sugarcane
2024-06-02,51,Sugarcane
2024-06-09,53,Sugarcane
2024-06-16,50,Sugarcane
2024-06-23,46,Sugarcane
2024-06-30,43,Sugarcane
2024-07-07,43,Sugarcane
2024-07-14,43,Sugarcane
2024-07-21,41,Sugarcane
2024-07-28,39,Sugarcane
2024-08-04,41,Sugarcane
2024-08-11,40,Sugarcane
2024-08-18,42,Sugarcane
2024-08-25,52,Sugarcane
2024-09-01,45,Sugarcane
2024-09-08,46,Sugarcane
2024-09-15,53,Sugarcane
2024-09-22,48,Sugarcane
2024-09-29,48,Sugarcane
2024-10-06,44,Sugarcane
2024-10-13,50,Sugarcane
2024-10-20,50,Sugarcane
2024-10-27,45,Sugarcane
2024-11-03,54,Sugarcane
2024-11-10,59,Sugarcane
2024-11-17,55,Sugarcane
2024-11-24,58,Sugarcane
2024-12-01,55,Sugarcane
2024-12-08,57,Sugarcane
2024-12-15,54,Sugarcane
2024-12-22,51,Sugarcane
2024-12-29,57,Sugarcane
2025-01-05,72,Sugarcane
2025-01-12,90,Sugarcane
2025-01-19,68,Sugarcane
2025-01-26,69,Sugarcane
2025-02-02,66,Sugarcane
2025-02-09,67,Sugarcane
2025-02-16,69,Sugarcane
2025-02-23,75,Sugarcane
2025-03-02,72,Sugarcane
2025-03-09,77,Sugarcane
2025-03-16,74,Sugarcane
2025-03-23,65,Sugarcane
2025-03-30,72,Sugarcane
2025-04-06,85,Sugarcane
2025-04-13,74,Sugarcane
2025-04-20,71,Sugarcane
2025-04-27,68,Sugarcane
2025-05-04,58,Sugarcane
2025-05-11,59,Sugarcane
2025-05-18,56,Sugarcane
2025-05-25,45,Sugarcane
2025-06-01,47,Sugarcane
2025-06-08,50,Sugarcane
2025-06-15,46,Sugarcane
2025-06-22,45,Sugarcane
2025-06-29,44,Sugarcane
2025-07-06,42,Sugarcane
2025-07-13,43,Sugarcane
2025-07-20,44,Sugarcane
2025-07-27,42,Sugarcane
2025-08-03,45,Sugarcane
2025-08-10,41,Sugarcane
2025-08-17,45,Sugarcane
2025-08-24,44,Sugarcane
2025-08-31,43,Sugarcane
2025-09-07,47,Sugarcane
2025-09-14,47,Sugarcane
2025-09-21,43,Sugarcane
2025-09-28,40,Sugarcane
2025-10-05,48,Sugarcane
2025-10-12,50,Sugarcane
2020-10-11,15,Sunflower
2020-10-18,16,Sunflower
2020-10-25,15,Sunflower
2020-11-01,16,Sunflower
2020-11-08,15,Sunflower
2020-11-15,15,Sunflower
2020-11-22,16,Sunflower
2020-11-29,17,Sunflower
2020-12-06,16,Sunflower
2020-12-13,16,Sunflower
2020-12-20,16,Sunflower
2020-12-27,15,Sunflower
2021-01-03,18,Sunflower
2021-01-10,16,Sunflower
2021-01-17,17,Sunflower
2021-01-24,18,Sunflower
2021-01-31,17,Sunflower
2021-02-07,16,Sunflower
2021-02-14,16,Sunflower
2021-02-21,18,Sunflower
2021-02-28,19,Sunflower
2021-03-07,19,Sunflower
2021-03-14,19,Sunflower
2021-03-21,19,Sunflower
2021-03-28,20,Sunflower
2021-04-04,21,Sunflower
2021-04-11,19,Sunflower
2021-04-18,18,Sunflower
2021-04-25,18,Sunflower
2021-05-02,20,Sunflower
2021-05-09,20,Sunflower
2021-05-16,19,Sunflower
2021-05-23,22,Sunflower
2021-05-30,25,Sunflower
2021-06-06,71,Sunflower
2021-06-13,100,Sunflower
2021-06-20,43,Sunflower
2021-06-27,34,Sunflower
2021-07-04,27,Sunflower
2021-07-11,24,Sunflower
2021-07-18,22,Sunflower
2021-07-25,19,Sunflower
2021-08-01,21,Sunflower
2021-08-08,20,Sunflower
2021-08-15,20,Sunflower
2021-08-22,21,Sunflower
2021-08-29,19,Sunflower
2021-09-05,18,Sunflower
2021-09-12,19,Sunflower
2021-09-19,17,Sunflower
2021-09-26,16,Sunflower
2021-10-03,16,Sunflower
2021-10-10,17,Sunflower
2021-10-17,17,Sunflower
2021-10-24,17,Sunflower
2021-10-31,14,Sunflower
2021-11-07,16,Sunflower
2021-11-14,16,Sunflower
2021-11-21,16,Sunflower
2021-11-28,16,Sunflower
2021-12-05,16,Sunflower
2021-12-12,16,Sunflower
2021-12-19,15,Sunflower
2021-12-26,15,Sunflower
2022-01-02,18,Sunflower
2022-01-09,17,Sunflower
2022-01-16,15,Sunflower
2022-01-23,17,Sunflower
2022-01-30,19,Sunflower
2022-02-06,19,Sunflower
2022-02-13,18,Sunflower
2022-02-20,24,Sunflower
2022-02-27,34,Sunflower
2022-03-06,35,Sunflower
2022-03-13,28,Sunflower
2022-03-20,24,Sunflower
2022-03-27,22,Sunflower
2022-04-03,21,Sunflower
2022-04-10,17,Sunflower
2022-04-17,18,Sunflower
2022-04-24,20,Sunflower
2022-05-01,18,Sunflower
2022-05-08,17,Sunflower
2022-05-15,17,Sunflower
2022-05-22,17,Sunflower
2022-05-29,16,Sunflower
2022-06-05,15,Sunflower
2022-06-12,16,Sunflower
2022-06-19,17,Sunflower
2022-06-26,18,Sunflower
2022-07-03,18,Sunflower
2022-07-10,17,Sunflower
2022-07-17,18,Sunflower
2022-07-24,17,Sunflower
2022-07-31,17,Sunflower
2022-08-07,17,Sunflower
2022-08-14,16,Sunflower
2022-08-21,17,Sunflower
2022-08-28,17,Sunflower
2022-09-04,16,Sunflower
2022-09-11,17,Sunflower
2022-09-18,18,Sunflower
2022-09-25,16,Sunflower
2022-10-02,15,Sunflower
2022-10-09,18,Sunflower
2022-10-16,17,Sunflower
2022-10-23,14,Sunflower
2022-10-30,15,Sunflower
2022-11-06,16,Sunflower
2022-11-13,17,Sunflower
2022-11-20,17,Sunflower
2022-11-27,16,Sunflower
2022-12-04,15,Sunflower
2022-12-11,16,Sunflower
2022-12-18,15,Sunflower
2022-12-25,17,Sunflower
2023-01-01,16,Sunflower
2023-01-08,16,Sunflower
2023-01-15,16,Sunflower
2023-01-22,16,Sunflower
2023-01-29,16,Sunflower
2023-02-05,17,Sunflower
2023-02-12,16,Sunflower
2023-02-19,16,Sunflower
2023-02-26,16,Sunflower
2023-03-05,17,Sunflower
2023-03-12,16,Sunflower
2023-03-19,17,Sunflower
2023-03-26,15,Sunflower
2023-04-02,15,Sunflower
2023-04-09,16,Sunflower
2023-04-16,15,Sunflower
2023-04-23,15,Sunflower
2023-04-30,15,Sunflower
2023-05-07,14,Sunflower
2023-05-14,14,Sunflower
2023-05-21,15,Sunflower
2023-05-28,16,Sunflower
2023-06-04,18,Sunflower
2023-06-11,19,Sunflower
2023-06-18,17,Sunflower
2023-06-25,18,Sunflower
2023-07-02,20,Sunflower
2023-07-09,19,Sunflower
2023-07-16,17,Sunflower
2023-07-23,18,Sunflower
2023-07-30,17,Sunflower
2023-08-06,19,Sunflower
2023-08-13,17,Sunflower
2023-08-20,17,Sunflower
2023-08-27,17,Sunflower
2023-09-03,15,Sunflower
2023-09-10,17,Sunflower
2023-09-17,17,Sunflower
2023-09-24,19,Sunflower
2023-10-01,17,Sunflower
2023-10-08,15,Sunflower
2023-10-15,15,Sunflower
2023-10-22,17,Sunflower
2023-10-29,17,Sunflower
2023-11-05,16,Sunflower
2023-11-12,15,Sunflower
2023-11-19,17,Sunflower
2023-11-26,17,Sunflower
2023-12-03,17,Sunflower
2023-12-10,17,Sunflower
2023-12-17,16,Sunflower
2023-12-24,16,Sunflower
2023-12-31,17,Sunflower
2024-01-07,17,Sunflower
2024-01-14,16,Sunflower
2024-01-21,18,Sunflower
2024-01-28,19,Sunflower
2024-02-04,19,Sunflower
2024-02-11,24,Sunflower
2024-02-18,25,Sunflower
2024-02-25,51,Sunflower
2024-03-03,55,Sunflower
2024-03-10,38,Sunflower
2024-03-17,33,Sunflower
2024-03-24,30,Sunflower
2024-03-31,27,Sunflower
2024-04-07,27,Sunflower
2024-04-14,26,Sunflower
2024-04-21,22,Sunflower
2024-04-28,19,Sunflower
2024-05-05,23,Sunflower
2024-05-12,24,Sunflower
2024-05-19,24,Sunflower
2024-05-26,25,Sunflower
2024-06-02,20,Sunflower
2024-06-09,22,Sunflower
2024-06-16,22,Sunflower
2024-06-23,20,Sunflower
2024-06-30,21,Sunflower
2024-07-07,19,Sunflower
2024-07-14,21,Sunflower
2024-07-21,20,Sunflower
2024-07-28,19,Sunflower
2024-08-04,20,Sunflower
2024-08-11,20,Sunflower
2024-08-18,20,Sunflower
2024-08-25,21,Sunflower
2024-09-01,21,Sunflower
2024-09-08,20,Sunflower
2024-09-15,23,Sunflower
2024-09-22,23,Sunflower
2024-09-29,23,Sunflower
2024-10-06,20,Sunflower
2024-10-13,19,Sunflower
2024-10-20,21,Sunflower
2024-10-27,18,Sunflower
2024-11-03,20,Sunflower
2024-11-10,22,Sunflower
2024-11-17,20,Sunflower
2024-11-24,19,Sunflower
2024-12-01,21,Sunflower
2024-12-08,20,Sunflower
2024-12-15,19,Sunflower
2024-12-22,18,Sunflower
2024-12-29,19,Sunflower
2025-01-05,22,Sunflower
2025-01-12,21,Sunflower
2025-01-19,20,Sunflower
2025-01-26,22,Sunflower
2025-02-02,21,Sunflower
2025-02-09,22,Sunflower
2025-02-16,21,Sunflower
2025-02-23,19,Sunflower
2025-03-02,20,Sunflower
2025-03-09,20,Sunflower
2025-03-16,20,Sunflower
2025-03-23,19,Sunflower
2025-03-30,18,Sunflower
2025-04-06,18,Sunflower
2025-04-13,19,Sunflower
2025-04-20,18,Sunflower
2025-04-27,19,Sunflower
2025-05-04,17,Sunflower
2025-05-11,19,Sunflower
2025-05-18,18,Sunflower
2025-05-25,17,Sunflower
2025-06-01,19,Sunflower
2025-06-08,19,Sunflower
2025-06-15,19,Sunflower
2025-06-22,20,Sunflower
2025-06-29,21,Sunflower
2025-07-06,20,Sunflower
2025-07-13,20,Sunflower
2025-07-20,21,Sunflower
2025-07-27,21,Sunflower
2025-08-03,20,Sunflower
2025-08-10,22,Sunflower
2025-08-17,20,Sunflower
2025-08-24,21,Sunflower
2025-08-31,22,Sunflower
2025-09-07,22,Sunflower
2025-09-14,20,Sunflower
2025-09-21,22,Sunflower
2025-09-28,20,Sunflower
2025-10-05,22,Sunflower
2025-10-12,22,Sunflower
2020-10-11,63,Tea
2020-10-18,60,Tea
2020-10-25,62,Tea
2020-11-01,65,Tea
2020-11-08,64,Tea
2020-11-15,69,Tea
2020-11-22,70,Tea
2020-11-29,71,Tea
2020-12-06,73,Tea
2020-12-13,87,Tea
2020-12-20,66,Tea
2020-12-27,71,Tea
2021-01-03,68,Tea
2021-01-10,67,Tea
2021-01-17,67,Tea
2021-01-24,72,Tea
2021-01-31,67,Tea
2021-02-07,68,Tea
2021-02-14,66,Tea
2021-02-21,67,Tea
2021-02-28,66,Tea
2021-03-07,64,Tea
2021-03-14,61,Tea
2021-03-21,66,Tea
2021-03-28,59,Tea
2021-04-04,63,Tea
2021-04-11,55,Tea
2021-04-18,57,Tea
2021-04-25,56,Tea
2021-05-02,62,Tea
2021-05-09,64,Tea
2021-05-16,92,Tea
2021-05-23,71,Tea
2021-05-30,70,Tea
2021-06-06,72,Tea
2021-06-13,70,Tea
2021-06-20,73,Tea
2021-06-27,72,Tea
2021-07-04,75,Tea
2021-07-11,70,Tea
2021-07-18,68,Tea
2021-07-25,68,Tea
2021-08-01,67,Tea
2021-08-08,67,Tea
2021-08-15,65,Tea
2021-08-22,64,Tea
2021-08-29,61,Tea
2021-09-05,65,Tea
2021-09-12,66,Tea
2021-09-19,64,Tea
2021-09-26,62,Tea
2021-10-03,57,Tea
2021-10-10,56,Tea
2021-10-17,61,Tea
2021-10-24,56,Tea
2021-10-31,55,Tea
2021-11-07,60,Tea
2021-11-14,62,Tea
2021-11-21,63,Tea
2021-11-28,63,Tea
2021-12-05,63,Tea
2021-12-12,71,Tea
2021-12-19,65,Tea
2021-12-26,57,Tea
2022-01-02,72,Tea
2022-01-09,66,Tea
2022-01-16,65,Tea
2022-01-23,69,Tea
2022-01-30,69,Tea
2022-02-06,68,Tea
2022-02-13,73,Tea
2022-02-20,74,Tea
2022-02-27,70,Tea
2022-03-06,70,Tea
2022-03-13,70,Tea
2022-03-20,63,Tea
2022-03-27,56,Tea
2022-04-03,58,Tea
2022-04-10,56,Tea
2022-04-17,63,Tea
2022-04-24,62,Tea
2022-05-01,58,Tea
2022-05-08,61,Tea
2022-05-15,68,Tea
2022-05-22,66,Tea
2022-05-29,63,Tea
2022-06-05,67,Tea
2022-06-12,64,Tea
2022-06-19,65,Tea
2022-06-26,65,Tea
2022-07-03,66,Tea
2022-07-10,65,Tea
2022-07-17,68,Tea
2022-07-24,66,Tea
2022-07-31,66,Tea
2022-08-07,62,Tea
2022-08-14,68,Tea
2022-08-21,70,Tea
2022-08-28,66,Tea
2022-09-04,63,Tea
2022-09-11,68,Tea
2022-09-18,66,Tea
2022-09-25,66,Tea
2022-10-02,64,Tea
2022-10-09,65,Tea
2022-10-16,67,Tea
2022-10-23,59,Tea
2022-10-30,64,Tea
2022-11-06,70,Tea
2022-11-13,70,Tea
2022-11-20,69,Tea
2022-11-27,70,Tea
2022-12-04,66,Tea
2022-12-11,70,Tea
2022-12-18,68,Tea
2022-12-25,71,Tea
2023-01-01,73,Tea
2023-01-08,71,Tea
2023-01-15,63,Tea
2023-01-22,68,Tea
2023-01-29,100,Tea
2023-02-05,71,Tea
2023-02-12,70,Tea
2023-02-19,72,Tea
2023-02-26,71,Tea
2023-03-05,66,Tea
2023-03-12,67,Tea
2023-03-19,64,Tea
2023-03-26,62,Tea
2023-04-02,61,Tea
2023-04-09,60,Tea
2023-04-16,58,Tea
2023-04-23,59,Tea
2023-04-30,58,Tea
2023-05-07,59,Tea
2023-05-14,57,Tea
2023-05-21,65,Tea
2023-05-28,62,Tea
2023-06-04,65,Tea
2023-06-11,68,Tea
2023-06-18,64,Tea
2023-06-25,68,Tea
2023-07-02,71,Tea
2023-07-09,67,Tea
2023-07-16,67,Tea
2023-07-23,71,Tea
2023-07-30,66,Tea
2023-08-06,65,Tea
2023-08-13,65,Tea
2023-08-20,69,Tea
2023-08-27,65,Tea
2023-09-03,68,Tea
2023-09-10,66,Tea
2023-09-17,67,Tea
2023-09-24,64,Tea
2023-10-01,66,Tea
2023-10-08,62,Tea
2023-10-15,60,Tea
2023-10-22,66,Tea
2023-10-29,63,Tea
2023-11-05,64,Tea
2023-11-12,59,Tea
2023-11-19,67,Tea
2023-11-26,74,Tea
2023-12-03,70,Tea
2023-12-10,73,Tea
2023-12-17,70,Tea
2023-12-24,73,Tea
2023-12-31,70,Tea
2024-01-07,73,Tea
2024-01-14,70,Tea
2024-01-21,67,Tea
2024-01-28,70,Tea
2024-02-04,69,Tea
2024-02-11,65,Tea
2024-02-18,70,Tea
2024-02-25,69,Tea
2024-03-03,71,Tea
2024-03-10,65,Tea
2024-03-17,63,Tea
2024-03-24,60,Tea
2024-03-31,63,Tea
2024-04-07,63,Tea
2024-04-14,64,Tea
2024-04-21,68,Tea
2024-04-28,69,Tea
2024-05-05,67,Tea
2024-05-12,65,Tea
2024-05-19,72,Tea
2024-05-26,66,Tea
2024-06-02,60,Tea
2024-06-09,67,Tea
2024-06-16,68,Tea
2024-06-23,68,Tea
2024-06-30,67,Tea
2024-07-07,69,Tea
2024-07-14,72,Tea
2024-07-21,70,Tea
2024-07-28,70,Tea
2024-08-04,67,Tea
2024-08-11,68,Tea
2024-08-18,70,Tea
2024-08-25,72,Tea
2024-09-01,75,Tea
2024-09-08,74,Tea
2024-09-15,78,Tea
2024-09-22,74,Tea
2024-09-29,69,Tea
2024-10-06,64,Tea
2024-10-13,69,Tea
2024-10-20,72,Tea
2024-10-27,67,Tea
2024-11-03,73,Tea
2024-11-10,74,Tea
2024-11-17,75,Tea
2024-11-24,74,Tea
2024-12-01,75,Tea
2024-12-08,73,Tea
2024-12-15,72,Tea
2024-12-22,73,Tea
2024-12-29,74,Tea
2025-01-05,76,Tea
2025-01-12,72,Tea
2025-01-19,71,Tea
2025-01-26,72,Tea
2025-02-02,71,Tea
2025-02-09,67,Tea
2025-02-16,67,Tea
2025-02-23,68,Tea
2025-03-02,69,Tea
2025-03-09,64,Tea
2025-03-16,69,Tea
2025-03-23,61,Tea
2025-03-30,61,Tea
2025-04-06,63,Tea
2025-04-13,63,Tea
2025-04-20,62,Tea
2025-04-27,63,Tea
2025-05-04,56,Tea
2025-05-11,68,Tea
2025-05-18,72,Tea
2025-05-25,68,Tea
2025-06-01,71,Tea
2025-06-08,66,Tea
2025-06-15,69,Tea
2025-06-22,72,Tea
2025-06-29,73,Tea
2025-07-06,73,Tea
2025-07-13,75,Tea
2025-07-20,71,Tea
2025-07-27,71,Tea
2025-08-03,70,Tea
2025-08-10,71,Tea
2025-08-17,72,Tea
2025-08-24,68,Tea
2025-08-31,71,Tea
2025-09-07,68,Tea
2025-09-14,66,Tea
2025-09-21,66,Tea
2025-09-28,64,Tea
2025-10-05,66,Tea
2025-10-12,68,Tea
2020-10-11,39,Tomato
2020-10-18,39,Tomato
2020-10-25,38,Tomato
2020-11-01,36,Tomato
2020-11-08,34,Tomato
2020-11-15,38,Tomato
2020-11-22,38,Tomato
2020-11-29,38,Tomato
2020-12-06,39,Tomato
2020-12-13,42,Tomato
2020-12-20,41,Tomato
2020-12-27,37,Tomato
2021-01-03,40,Tomato
2021-01-10,33,Tomato
2021-01-17,41,Tomato
2021-01-24,37,Tomato
2021-01-31,39,Tomato
2021-02-07,38,Tomato
2021-02-14,35,Tomato
2021-02-21,38,Tomato
2021-02-28,40,Tomato
2021-03-07,39,Tomato
2021-03-14,41,Tomato
2021-03-21,37,Tomato
2021-03-28,39,Tomato
2021-04-04,36,Tomato
2021-04-11,35,Tomato
2021-04-18,41,Tomato
2021-04-25,41,Tomato
2021-05-02,43,Tomato
2021-05-09,43,Tomato
2021-05-16,50,Tomato
2021-05-23,48,Tomato
2021-05-30,47,Tomato
2021-06-06,45,Tomato
2021-06-13,40,Tomato
2021-06-20,37,Tomato
2021-06-27,39,Tomato
2021-07-04,38,Tomato
2021-07-11,36,Tomato
2021-07-18,33,Tomato
2021-07-25,35,Tomato
2021-08-01,34,Tomato
2021-08-08,35,Tomato
2021-08-15,32,Tomato
2021-08-22,32,Tomato
2021-08-29,31,Tomato
2021-09-05,29,Tomato
2021-09-12,31,Tomato
2021-09-19,30,Tomato
2021-09-26,30,Tomato
2021-10-03,29,Tomato
2021-10-10,27,Tomato
2021-10-17,33,Tomato
2021-10-24,26,Tomato
2021-10-31,24,Tomato
2021-11-07,28,Tomato
2021-11-14,31,Tomato
2021-11-21,55,Tomato
2021-11-28,36,Tomato
2021-12-05,32,Tomato
2021-12-12,31,Tomato
2021-12-19,27,Tomato
2021-12-26,28,Tomato
2022-01-02,36,Tomato
2022-01-09,35,Tomato
2022-01-16,36,Tomato
2022-01-23,40,Tomato
2022-01-30,39,Tomato
2022-02-06,36,Tomato
2022-02-13,42,Tomato
2022-02-20,42,Tomato
2022-02-27,41,Tomato
2022-03-06,45,Tomato
2022-03-13,40,Tomato
2022-03-20,37,Tomato
2022-03-27,35,Tomato
2022-04-03,36,Tomato
2022-04-10,33,Tomato
2022-04-17,34,Tomato
2022-04-24,35,Tomato
2022-05-01,36,Tomato
2022-05-08,57,Tomato
2022-05-15,45,Tomato
2022-05-22,45,Tomato
2022-05-29,38,Tomato
2022-06-05,35,Tomato
2022-06-12,37,Tomato
2022-06-19,40,Tomato
2022-06-26,41,Tomato
2022-07-03,41,Tomato
2022-07-10,42,Tomato
2022-07-17,40,Tomato
2022-07-24,40,Tomato
2022-07-31,40,Tomato
2022-08-07,36,Tomato
2022-08-14,40,Tomato
2022-08-21,84,Tomato
2022-08-28,49,Tomato
2022-09-04,49,Tomato
2022-09-11,50,Tomato
2022-09-18,49,Tomato
2022-09-25,43,Tomato
2022-10-02,39,Tomato
2022-10-09,41,Tomato
2022-10-16,37,Tomato
2022-10-23,34,Tomato
2022-10-30,35,Tomato
2022-11-06,40,Tomato
2022-11-13,40,Tomato
2022-11-20,40,Tomato
2022-11-27,41,Tomato
2022-12-04,37,Tomato
2022-12-11,38,Tomato
2022-12-18,37,Tomato
2022-12-25,37,Tomato
2023-01-01,37,Tomato
2023-01-08,36,Tomato
2023-01-15,35,Tomato
2023-01-22,37,Tomato
2023-01-29,35,Tomato
2023-02-05,36,Tomato
2023-02-12,36,Tomato
2023-02-19,38,Tomato
2023-02-26,40,Tomato
2023-03-05,35,Tomato
2023-03-12,37,Tomato
2023-03-19,35,Tomato
2023-03-26,32,Tomato
2023-04-02,35,Tomato
2023-04-09,33,Tomato
2023-04-16,32,Tomato
2023-04-23,32,Tomato
2023-04-30,30,Tomato
2023-05-07,32,Tomato
2023-05-14,29,Tomato
2023-05-21,29,Tomato
2023-05-28,33,Tomato
2023-06-04,32,Tomato
2023-06-11,34,Tomato
2023-06-18,38,Tomato
2023-06-25,60,Tomato
2023-07-02,84,Tomato
2023-07-09,100,Tomato
2023-07-16,74,Tomato
2023-07-23,62,Tomato
2023-07-30,84,Tomato
2023-08-06,70,Tomato
2023-08-13,52,Tomato
2023-08-20,42,Tomato
2023-08-27,38,Tomato
2023-09-03,37,Tomato
2023-09-10,38,Tomato
2023-09-17,36,Tomato
2023-09-24,34,Tomato
2023-10-01,38,Tomato
2023-10-08,34,Tomato
2023-10-15,35,Tomato
2023-10-22,36,Tomato
2023-10-29,32,Tomato
2023-11-05,30,Tomato
2023-11-12,30,Tomato
2023-11-19,33,Tomato
2023-11-26,37,Tomato
2023-12-03,35,Tomato
2023-12-10,38,Tomato
2023-12-17,34,Tomato
2023-12-24,29,Tomato
2023-12-31,34,Tomato
2024-01-07,35,Tomato
2024-01-14,32,Tomato
2024-01-21,32,Tomato
2024-01-28,34,Tomato
2024-02-04,32,Tomato
2024-02-11,33,Tomato
2024-02-18,34,Tomato
2024-02-25,35,Tomato
2024-03-03,31,Tomato
2024-03-10,33,Tomato
2024-03-17,31,Tomato
2024-03-24,29,Tomato
2024-03-31,31,Tomato
2024-04-07,29,Tomato
2024-04-14,29,Tomato
2024-04-21,26,Tomato
2024-04-28,26,Tomato
2024-05-05,26,Tomato
2024-05-12,27,Tomato
2024-05-19,27,Tomato
2024-05-26,28,Tomato
2024-06-02,24,Tomato
2024-06-09,31,Tomato
2024-06-16,35,Tomato
2024-06-23,33,Tomato
2024-06-30,35,Tomato
2024-07-07,32,Tomato
2024-07-14,36,Tomato
2024-07-21,37,Tomato
2024-07-28,33,Tomato
2024-08-04,30,Tomato
2024-08-11,31,Tomato
2024-08-18,33,Tomato
2024-08-25,34,Tomato
2024-09-01,34,Tomato
2024-09-08,33,Tomato
2024-09-15,34,Tomato
2024-09-22,33,Tomato
2024-09-29,35,Tomato
2024-10-06,34,Tomato
2024-10-13,32,Tomato
2024-10-20,32,Tomato
2024-10-27,28,Tomato
2024-11-03,32,Tomato
2024-11-10,30,Tomato
2024-11-17,31,Tomato
2024-11-24,32,Tomato
2024-12-01,31,Tomato
2024-12-08,33,Tomato
2024-12-15,32,Tomato
2024-12-22,29,Tomato
2024-12-29,32,Tomato
2025-01-05,37,Tomato
2025-01-12,32,Tomato
2025-01-19,34,Tomato
2025-01-26,33,Tomato
2025-02-02,31,Tomato
2025-02-09,32,Tomato
2025-02-16,36,Tomato
2025-02-23,31,Tomato
2025-03-02,32,Tomato
2025-03-09,29,Tomato
2025-03-16,32,Tomato
2025-03-23,30,Tomato
2025-03-30,26,Tomato
2025-04-06,30,Tomato
2025-04-13,29,Tomato
2025-04-20,27,Tomato
2025-04-27,28,Tomato
2025-05-04,27,Tomato
2025-05-11,29,Tomato
2025-05-18,26,Tomato
2025-05-25,26,Tomato
2025-06-01,27,Tomato
2025-06-08,29,Tomato
2025-06-15,29,Tomato
2025-06-22,28,Tomato
2025-06-29,29,Tomato
2025-07-06,29,Tomato
2025-07-13,30,Tomato
2025-07-20,31,Tomato
2025-07-27,30,Tomato
2025-08-03,29,Tomato
2025-08-10,30,Tomato
2025-08-17,34,Tomato
2025-08-24,29,Tomato
2025-08-31,28,Tomato
2025-09-07,28,Tomato
2025-09-14,28,Tomato
2025-09-21,26,Tomato
2025-09-28,29,Tomato
2025-10-05,30,Tomato
2025-10-12,31,Tomato
2020-10-11,10,Tulsi
2020-10-18,9,Tulsi
2020-10-25,12,Tulsi
2020-11-01,13,Tulsi
2020-11-08,14,Tulsi
2020-11-15,17,Tulsi
2020-11-22,57,Tulsi
2020-11-29,17,Tulsi
2020-12-06,13,Tulsi
2020-12-13,9,Tulsi
2020-12-20,15,Tulsi
2020-12-27,8,Tulsi
2021-01-03,8,Tulsi
2021-01-10,9,Tulsi
2021-01-17,8,Tulsi
2021-01-24,8,Tulsi
2021-01-31,8,Tulsi
2021-02-07,8,Tulsi
2021-02-14,7,Tulsi
2021-02-21,8,Tulsi
2021-02-28,8,Tulsi
2021-03-07,8,Tulsi
2021-03-14,8,Tulsi
2021-03-21,7,Tulsi
2021-03-28,8,Tulsi
2021-04-04,10,Tulsi
2021-04-11,11,Tulsi
2021-04-18,12,Tulsi
2021-04-25,12,Tulsi
2021-05-02,12,Tulsi
2021-05-09,13,Tulsi
2021-05-16,11,Tulsi
2021-05-23,11,Tulsi
2021-05-30,11,Tulsi
2021-06-06,10,Tulsi
2021-06-13,10,Tulsi
2021-06-20,9,Tulsi
2021-06-27,9,Tulsi
2021-07-04,9,Tulsi
2021-07-11,9,Tulsi
2021-07-18,9,Tulsi
2021-07-25,8,Tulsi
2021-08-01,8,Tulsi
2021-08-08,8,Tulsi
2021-08-15,8,Tulsi
2021-08-22,7,Tulsi
2021-08-29,8,Tulsi
2021-09-05,8,Tulsi
2021-09-12,8,Tulsi
2021-09-19,7,Tulsi
2021-09-26,8,Tulsi
2021-10-03,8,Tulsi
2021-10-10,8,Tulsi
2021-10-17,12,Tulsi
2021-10-24,12,Tulsi
2021-10-31,12,Tulsi
2021-11-07,25,Tulsi
2021-11-14,60,Tulsi
2021-11-21,9,Tulsi
2021-11-28,7,Tulsi
2021-12-05,8,Tulsi
2021-12-12,7,Tulsi
2021-12-19,17,Tulsi
2021-12-26,8,Tulsi
2022-01-02,9,Tulsi
2022-01-09,9,Tulsi
2022-01-16,7,Tulsi
2022-01-23,8,Tulsi
2022-01-30,9,Tulsi
2022-02-06,9,Tulsi
2022-02-13,10,Tulsi
2022-02-20,11,Tulsi
2022-02-27,10,Tulsi
2022-03-06,10,Tulsi
2022-03-13,10,Tulsi
2022-03-20,10,Tulsi
2022-03-27,9,Tulsi
2022-04-03,9,Tulsi
2022-04-10,9,Tulsi
2022-04-17,9,Tulsi
2022-04-24,9,Tulsi
2022-05-01,9,Tulsi
2022-05-08,9,Tulsi
2022-05-15,9,Tulsi
2022-05-22,9,Tulsi
2022-05-29,10,Tulsi
2022-06-05,11,Tulsi
2022-06-12,10,Tulsi
2022-06-19,11,Tulsi
2022-06-26,11,Tulsi
2022-07-03,11,Tulsi
2022-07-10,10,Tulsi
2022-07-17,10,Tulsi
2022-07-24,10,Tulsi
2022-07-31,11,Tulsi
2022-08-07,9,Tulsi
2022-08-14,11,Tulsi
2022-08-21,11,Tulsi
2022-08-28,11,Tulsi
2022-09-04,11,Tulsi
2022-09-11,11,Tulsi
2022-09-18,11,Tulsi
2022-09-25,11,Tulsi
2022-10-02,15,Tulsi
2022-10-09,18,Tulsi
2022-10-16,16,Tulsi
2022-10-23,20,Tulsi
2022-10-30,91,Tulsi
2022-11-06,29,Tulsi
2022-11-13,11,Tulsi
2022-11-20,11,Tulsi
2022-11-27,10,Tulsi
2022-12-04,10,Tulsi
2022-12-11,9,Tulsi
2022-12-18,14,Tulsi
2022-12-25,31,Tulsi
2023-01-01,10,Tulsi
2023-01-08,9,Tulsi
2023-01-15,10,Tulsi
2023-01-22,9,Tulsi
2023-01-29,9,Tulsi
2023-02-05,9,Tulsi
2023-02-12,9,Tulsi
2023-02-19,9,Tulsi
2023-02-26,9,Tulsi
2023-03-05,8,Tulsi
2023-03-12,9,Tulsi
2023-03-19,9,Tulsi
2023-03-26,10,Tulsi
2023-04-02,9,Tulsi
2023-04-09,9,Tulsi
2023-04-16,9,Tulsi
2023-04-23,9,Tulsi
2023-04-30,9,Tulsi
2023-05-07,8,Tulsi
2023-05-14,9,Tulsi
2023-05-21,9,Tulsi
2023-05-28,11,Tulsi
2023-06-04,10,Tulsi
2023-06-11,11,Tulsi
2023-06-18,11,Tulsi
2023-06-25,12,Tulsi
2023-07-02,12,Tulsi
2023-07-09,9,Tulsi
2023-07-16,10,Tulsi
2023-07-23,11,Tulsi
2023-07-30,10,Tulsi
2023-08-06,10,Tulsi
2023-08-13,11,Tulsi
2023-08-20,10,Tulsi
2023-08-27,11,Tulsi
2023-09-03,11,Tulsi
2023-09-10,10,Tulsi
2023-09-17,11,Tulsi
2023-09-24,10,Tulsi
2023-10-01,10,Tulsi
2023-10-08,10,Tulsi
2023-10-15,10,Tulsi
2023-10-22,12,Tulsi
2023-10-29,13,Tulsi
2023-11-05,14,Tulsi
2023-11-12,19,Tulsi
2023-11-19,89,Tulsi
2023-11-26,20,Tulsi
2023-12-03,11,Tulsi
2023-12-10,11,Tulsi
2023-12-17,11,Tulsi
2023-12-24,25,Tulsi
2023-12-31,10,Tulsi
2024-01-07,10,Tulsi
2024-01-14,10,Tulsi
2024-01-21,9,Tulsi
2024-01-28,9,Tulsi
2024-02-04,9,Tulsi
2024-02-11,9,Tulsi
2024-02-18,11,Tulsi
2024-02-25,9,Tulsi
2024-03-03,9,Tulsi
2024-03-10,9,Tulsi
2024-03-17,8,Tulsi
2024-03-24,8,Tulsi
2024-03-31,8,Tulsi
2024-04-07,9,Tulsi
2024-04-14,8,Tulsi
2024-04-21,8,Tulsi
2024-04-28,7,Tulsi
2024-05-05,8,Tulsi
2024-05-12,7,Tulsi
2024-05-19,8,Tulsi
2024-05-26,8,Tulsi
2024-06-02,7,Tulsi
2024-06-09,8,Tulsi
2024-06-16,10,Tulsi
2024-06-23,9,Tulsi
2024-06-30,9,Tulsi
2024-07-07,9,Tulsi
2024-07-14,11,Tulsi
2024-07-21,13,Tulsi
2024-07-28,10,Tulsi
2024-08-04,9,Tulsi
2024-08-11,10,Tulsi
2024-08-18,10,Tulsi
2024-08-25,12,Tulsi
2024-09-01,11,Tulsi
2024-09-08,11,Tulsi
2024-09-15,11,Tulsi
2024-09-22,10,Tulsi
2024-09-29,11,Tulsi
2024-10-06,10,Tulsi
2024-10-13,14,Tulsi
2024-10-20,14,Tulsi
2024-10-27,16,Tulsi
2024-11-03,23,Tulsi
2024-11-10,100,Tulsi
2024-11-17,13,Tulsi
2024-11-24,12,Tulsi
2024-12-01,10,Tulsi
2024-12-08,10,Tulsi
2024-12-15,10,Tulsi
2024-12-22,23,Tulsi
2024-12-29,10,Tulsi
2025-01-05,9,Tulsi
2025-01-12,9,Tulsi
2025-01-19,10,Tulsi
2025-01-26,10,Tulsi
2025-02-02,10,Tulsi
2025-02-09,12,Tulsi
2025-02-16,10,Tulsi
2025-02-23,13,Tulsi
2025-03-02,11,Tulsi
2025-03-09,10,Tulsi
2025-03-16,13,Tulsi
2025-03-23,9,Tulsi
2025-03-30,8,Tulsi
2025-04-06,10,Tulsi
2025-04-13,9,Tulsi
2025-04-20,9,Tulsi
2025-04-27,8,Tulsi
2025-05-04,8,Tulsi
2025-05-11,8,Tulsi
2025-05-18,8,Tulsi
2025-05-25,9,Tulsi
2025-06-01,12,Tulsi
2025-06-08,10,Tulsi
2025-06-15,10,Tulsi
2025-06-22,11,Tulsi
2025-06-29,11,Tulsi
2025-07-06,12,Tulsi
2025-07-13,11,Tulsi
2025-07-20,12,Tulsi
2025-07-27,12,Tulsi
2025-08-03,11,Tulsi
2025-08-10,12,Tulsi
2025-08-17,12,Tulsi
2025-08-24,12,Tulsi
2025-08-31,13,Tulsi
2025-09-07,14,Tulsi
2025-09-14,12,Tulsi
2025-09-21,13,Tulsi
2025-09-28,25,Tulsi
2025-10-05,25,Tulsi
2025-10-12,22,Tulsi
2020-10-11,80,Turmeric
2020-10-18,70,Turmeric
2020-10-25,81,Turmeric
2020-11-01,72,Turmeric
2020-11-08,73,Turmeric
2020-11-15,79,Turmeric
2020-11-22,76,Turmeric
2020-11-29,72,Turmeric
2020-12-06,73,Turmeric
2020-12-13,74,Turmeric
2020-12-20,69,Turmeric
2020-12-27,75,Turmeric
2021-01-03,74,Turmeric
2021-01-10,73,Turmeric
2021-01-17,69,Turmeric
2021-01-24,76,Turmeric
2021-01-31,73,Turmeric
2021-02-07,76,Turmeric
2021-02-14,73,Turmeric
2021-02-21,77,Turmeric
2021-02-28,84,Turmeric
2021-03-07,78,Turmeric
2021-03-14,77,Turmeric
2021-03-21,74,Turmeric
2021-03-28,81,Turmeric
2021-04-04,79,Turmeric
2021-04-11,79,Turmeric
2021-04-18,88,Turmeric
2021-04-25,91,Turmeric
2021-05-02,99,Turmeric
2021-05-09,100,Turmeric
2021-05-16,90,Turmeric
2021-05-23,90,Turmeric
2021-05-30,85,Turmeric
2021-06-06,77,Turmeric
2021-06-13,71,Turmeric
2021-06-20,72,Turmeric
2021-06-27,72,Turmeric
2021-07-04,74,Turmeric
2021-07-11,72,Turmeric
2021-07-18,67,Turmeric
2021-07-25,65,Turmeric
2021-08-01,66,Turmeric
2021-08-08,65,Turmeric
2021-08-15,65,Turmeric
2021-08-22,74,Turmeric
2021-08-29,69,Turmeric
2021-09-05,69,Turmeric
2021-09-12,66,Turmeric
2021-09-19,63,Turmeric
2021-09-26,67,Turmeric
2021-10-03,61,Turmeric
2021-10-10,57,Turmeric
2021-10-17,62,Turmeric
2021-10-24,63,Turmeric
2021-10-31,55,Turmeric
2021-11-07,63,Turmeric
2021-11-14,71,Turmeric
2021-11-21,65,Turmeric
2021-11-28,66,Turmeric
2021-12-05,63,Turmeric
2021-12-12,65,Turmeric
2021-12-19,63,Turmeric
2021-12-26,61,Turmeric
2022-01-02,72,Turmeric
2022-01-09,74,Turmeric
2022-01-16,77,Turmeric
2022-01-23,70,Turmeric
2022-01-30,79,Turmeric
2022-02-06,71,Turmeric
2022-02-13,75,Turmeric
2022-02-20,80,Turmeric
2022-02-27,75,Turmeric
2022-03-06,72,Turmeric
2022-03-13,68,Turmeric
2022-03-20,66,Turmeric
2022-03-27,65,Turmeric
2022-04-03,62,Turmeric
2022-04-10,60,Turmeric
2022-04-17,67,Turmeric
2022-04-24,61,Turmeric
2022-05-01,56,Turmeric
2022-05-08,57,Turmeric
2022-05-15,54,Turmeric
2022-05-22,57,Turmeric
2022-05-29,60,Turmeric
2022-06-05,61,Turmeric
2022-06-12,57,Turmeric
2022-06-19,64,Turmeric
2022-06-26,67,Turmeric
2022-07-03,64,Turmeric
2022-07-10,62,Turmeric
2022-07-17,63,Turmeric
2022-07-24,68,Turmeric
2022-07-31,64,Turmeric
2022-08-07,61,Turmeric
2022-08-14,65,Turmeric
2022-08-21,63,Turmeric
2022-08-28,62,Turmeric
2022-09-04,59,Turmeric
2022-09-11,69,Turmeric
2022-09-18,64,Turmeric
2022-09-25,57,Turmeric
2022-10-02,62,Turmeric
2022-10-09,62,Turmeric
2022-10-16,65,Turmeric
2022-10-23,61,Turmeric
2022-10-30,61,Turmeric
2022-11-06,60,Turmeric
2022-11-13,62,Turmeric
2022-11-20,61,Turmeric
2022-11-27,65,Turmeric
2022-12-04,68,Turmeric
2022-12-11,57,Turmeric
2022-12-18,64,Turmeric
2022-12-25,65,Turmeric
2023-01-01,62,Turmeric
2023-01-08,63,Turmeric
2023-01-15,68,Turmeric
2023-01-22,68,Turmeric
2023-01-29,71,Turmeric
2023-02-05,68,Turmeric
2023-02-12,71,Turmeric
2023-02-19,71,Turmeric
2023-02-26,79,Turmeric
2023-03-05,74,Turmeric
2023-03-12,69,Turmeric
2023-03-19,62,Turmeric
2023-03-26,59,Turmeric
2023-04-02,58,Turmeric
2023-04-09,60,Turmeric
2023-04-16,58,Turmeric
2023-04-23,60,Turmeric
2023-04-30,58,Turmeric
2023-05-07,58,Turmeric
2023-05-14,62,Turmeric
2023-05-21,58,Turmeric
2023-05-28,58,Turmeric
2023-06-04,65,Turmeric
2023-06-11,67,Turmeric
2023-06-18,68,Turmeric
2023-06-25,68,Turmeric
2023-07-02,70,Turmeric
2023-07-09,76,Turmeric
2023-07-16,79,Turmeric
2023-07-23,80,Turmeric
2023-07-30,81,Turmeric
2023-08-06,79,Turmeric
2023-08-13,75,Turmeric
2023-08-20,73,Turmeric
2023-08-27,71,Turmeric
2023-09-03,67,Turmeric
2023-09-10,75,Turmeric
2023-09-17,78,Turmeric
2023-09-24,68,Turmeric
2023-10-01,78,Turmeric
2023-10-08,74,Turmeric
2023-10-15,68,Turmeric
2023-10-22,68,Turmeric
2023-10-29,68,Turmeric
2023-11-05,72,Turmeric
2023-11-12,67,Turmeric
2023-11-19,72,Turmeric
2023-11-26,74,Turmeric
2023-12-03,72,Turmeric
2023-12-10,77,Turmeric
2023-12-17,70,Turmeric
2023-12-24,68,Turmeric
2023-12-31,78,Turmeric
2024-01-07,68,Turmeric
2024-01-14,74,Turmeric
2024-01-21,71,Turmeric
2024-01-28,72,Turmeric
2024-02-04,78,Turmeric
2024-02-11,75,Turmeric
2024-02-18,75,Turmeric
2024-02-25,78,Turmeric
2024-03-03,74,Turmeric
2024-03-10,72,Turmeric
2024-03-17,71,Turmeric
2024-03-24,67,Turmeric
2024-03-31,76,Turmeric
2024-04-07,65,Turmeric
2024-04-14,71,Turmeric
2024-04-21,64,Turmeric
2024-04-28,62,Turmeric
2024-05-05,65,Turmeric
2024-05-12,64,Turmeric
2024-05-19,65,Turmeric
2024-05-26,69,Turmeric
2024-06-02,63,Turmeric
2024-06-09,62,Turmeric
2024-06-16,63,Turmeric
2024-06-23,64,Turmeric
2024-06-30,65,Turmeric
2024-07-07,65,Turmeric
2024-07-14,69,Turmeric
2024-07-21,65,Turmeric
2024-07-28,64,Turmeric
2024-08-04,67,Turmeric
2024-08-11,67,Turmeric
2024-08-18,70,Turmeric
2024-08-25,69,Turmeric
2024-09-01,69,Turmeric
2024-09-08,71,Turmeric
2024-09-15,72,Turmeric
2024-09-22,70,Turmeric
2024-09-29,64,Turmeric
2024-10-06,61,Turmeric
2024-10-13,68,Turmeric
2024-10-20,69,Turmeric
2024-10-27,66,Turmeric
2024-11-03,69,Turmeric
2024-11-10,72,Turmeric
2024-11-17,79,Turmeric
2024-11-24,80,Turmeric
2024-12-01,80,Turmeric
2024-12-08,76,Turmeric
2024-12-15,81,Turmeric
2024-12-22,78,Turmeric
2024-12-29,78,Turmeric
2025-01-05,79,Turmeric
2025-01-12,83,Turmeric
2025-01-19,77,Turmeric
2025-01-26,87,Turmeric
2025-02-02,85,Turmeric
2025-02-09,74,Turmeric
2025-02-16,78,Turmeric
2025-02-23,72,Turmeric
2025-03-02,76,Turmeric
2025-03-09,71,Turmeric
2025-03-16,74,Turmeric
2025-03-23,70,Turmeric
2025-03-30,71,Turmeric
2025-04-06,72,Turmeric
2025-04-13,71,Turmeric
2025-04-20,73,Turmeric
2025-04-27,83,Turmeric
2025-05-04,64,Turmeric
2025-05-11,73,Turmeric
2025-05-18,67,Turmeric
2025-05-25,83,Turmeric
2025-06-01,79,Turmeric
2025-06-08,71,Turmeric
2025-06-15,82,Turmeric
2025-06-22,87,Turmeric
2025-06-29,81,Turmeric
2025-07-06,74,Turmeric
2025-07-13,69,Turmeric
2025-07-20,71,Turmeric
2025-07-27,75,Turmeric
2025-08-03,73,Turmeric
2025-08-10,68,Turmeric
2025-08-17,71,Turmeric
2025-08-24,74,Turmeric
2025-08-31,69,Turmeric
2025-09-07,64,Turmeric
2025-09-14,67,Turmeric
2025-09-21,61,Turmeric
2025-09-28,65,Turmeric
2025-10-05,70,Turmeric
2025-10-12,76,Turmeric
2020-10-11,63,Urad
2020-10-18,50,Urad
2020-10-25,55,Urad
2020-11-01,61,Urad
2020-11-08,65,Urad
2020-11-15,55,Urad
2020-11-22,55,Urad
2020-11-29,62,Urad
2020-12-06,59,Urad
2020-12-13,55,Urad
2020-12-20,54,Urad
2020-12-27,59,Urad
2021-01-03,59,Urad
2021-01-10,74,Urad
2021-01-17,53,Urad
2021-01-24,57,Urad
2021-01-31,57,Urad
2021-02-07,57,Urad
2021-02-14,64,Urad
2021-02-21,63,Urad
2021-02-28,54,Urad
2021-03-07,57,Urad
2021-03-14,61,Urad
2021-03-21,69,Urad
2021-03-28,76,Urad
2021-04-04,65,Urad
2021-04-11,58,Urad
2021-04-18,70,Urad
2021-04-25,71,Urad
2021-05-02,77,Urad
2021-05-09,89,Urad
2021-05-16,89,Urad
2021-05-23,93,Urad
2021-05-30,97,Urad
2021-06-06,84,Urad
2021-06-13,78,Urad
2021-06-20,64,Urad
2021-06-27,75,Urad
2021-07-04,69,Urad
2021-07-11,66,Urad
2021-07-18,55,Urad
2021-07-25,60,Urad
2021-08-01,62,Urad
2021-08-08,53,Urad
2021-08-15,51,Urad
2021-08-22,49,Urad
2021-08-29,50,Urad
2021-09-05,51,Urad
2021-09-12,55,Urad
2021-09-19,55,Urad
2021-09-26,56,Urad
2021-10-03,52,Urad
2021-10-10,52,Urad
2021-10-17,51,Urad
2021-10-24,50,Urad
2021-10-31,49,Urad
2021-11-07,54,Urad
2021-11-14,54,Urad
2021-11-21,48,Urad
2021-11-28,50,Urad
2021-12-05,48,Urad
2021-12-12,51,Urad
2021-12-19,50,Urad
2021-12-26,49,Urad
2022-01-02,63,Urad
2022-01-09,74,Urad
2022-01-16,50,Urad
2022-01-23,57,Urad
2022-01-30,60,Urad
2022-02-06,53,Urad
2022-02-13,56,Urad
2022-02-20,59,Urad
2022-02-27,62,Urad
2022-03-06,65,Urad
2022-03-13,86,Urad
2022-03-20,60,Urad
2022-03-27,55,Urad
2022-04-03,62,Urad
2022-04-10,60,Urad
2022-04-17,62,Urad
2022-04-24,57,Urad
2022-05-01,58,Urad
2022-05-08,53,Urad
2022-05-15,49,Urad
2022-05-22,55,Urad
2022-05-29,61,Urad
2022-06-05,60,Urad
2022-06-12,58,Urad
2022-06-19,63,Urad
2022-06-26,59,Urad
2022-07-03,65,Urad
2022-07-10,60,Urad
2022-07-17,57,Urad
2022-07-24,55,Urad
2022-07-31,61,Urad
2022-08-07,58,Urad
2022-08-14,55,Urad
2022-08-21,59,Urad
2022-08-28,58,Urad
2022-09-04,56,Urad
2022-09-11,64,Urad
2022-09-18,66,Urad
2022-09-25,56,Urad
2022-10-02,60,Urad
2022-10-09,55,Urad
2022-10-16,55,Urad
2022-10-23,51,Urad
2022-10-30,52,Urad
2022-11-06,51,Urad
2022-11-13,59,Urad
2022-11-20,52,Urad
2022-11-27,53,Urad
2022-12-04,51,Urad
2022-12-11,52,Urad
2022-12-18,54,Urad
2022-12-25,50,Urad
2023-01-01,51,Urad
2023-01-08,67,Urad
2023-01-15,59,Urad
2023-01-22,55,Urad
2023-01-29,53,Urad
2023-02-05,56,Urad
2023-02-12,52,Urad
2023-02-19,57,Urad
2023-02-26,58,Urad
2023-03-05,74,Urad
2023-03-12,56,Urad
2023-03-19,59,Urad
2023-03-26,57,Urad
2023-04-02,62,Urad
2023-04-09,57,Urad
2023-04-16,57,Urad
2023-04-23,53,Urad
2023-04-30,52,Urad
2023-05-07,54,Urad
2023-05-14,53,Urad
2023-05-21,54,Urad
2023-05-28,55,Urad
2023-06-04,63,Urad
2023-06-11,71,Urad
2023-06-18,67,Urad
2023-06-25,72,Urad
2023-07-02,75,Urad
2023-07-09,67,Urad
2023-07-16,61,Urad
2023-07-23,62,Urad
2023-07-30,65,Urad
2023-08-06,62,Urad
2023-08-13,64,Urad
2023-08-20,65,Urad
2023-08-27,57,Urad
2023-09-03,62,Urad
2023-09-10,59,Urad
2023-09-17,69,Urad
2023-09-24,63,Urad
2023-10-01,72,Urad
2023-10-08,65,Urad
2023-10-15,56,Urad
2023-10-22,62,Urad
2023-10-29,59,Urad
2023-11-05,65,Urad
2023-11-12,59,Urad
2023-11-19,60,Urad
2023-11-26,64,Urad
2023-12-03,56,Urad
2023-12-10,61,Urad
2023-12-17,55,Urad
2023-12-24,56,Urad
2023-12-31,63,Urad
2024-01-07,69,Urad
2024-01-14,80,Urad
2024-01-21,62,Urad
2024-01-28,61,Urad
2024-02-04,64,Urad
2024-02-11,60,Urad
2024-02-18,61,Urad
2024-02-25,62,Urad
2024-03-03,64,Urad
2024-03-10,65,Urad
2024-03-17,71,Urad
2024-03-24,75,Urad
2024-03-31,61,Urad
2024-04-07,68,Urad
2024-04-14,59,Urad
2024-04-21,59,Urad
2024-04-28,59,Urad
2024-05-05,57,Urad
2024-05-12,56,Urad
2024-05-19,61,Urad
2024-05-26,67,Urad
2024-06-02,62,Urad
2024-06-09,70,Urad
2024-06-16,69,Urad
2024-06-23,66,Urad
2024-06-30,69,Urad
2024-07-07,62,Urad
2024-07-14,71,Urad
2024-07-21,68,Urad
2024-07-28,67,Urad
2024-08-04,71,Urad
2024-08-11,70,Urad
2024-08-18,67,Urad
2024-08-25,68,Urad
2024-09-01,73,Urad
2024-09-08,68,Urad
2024-09-15,75,Urad
2024-09-22,75,Urad
2024-09-29,74,Urad
2024-10-06,65,Urad
2024-10-13,64,Urad
2024-10-20,62,Urad
2024-10-27,63,Urad
2024-11-03,64,Urad
2024-11-10,63,Urad
2024-11-17,70,Urad
2024-11-24,61,Urad
2024-12-01,60,Urad
2024-12-08,57,Urad
2024-12-15,57,Urad
2024-12-22,57,Urad
2024-12-29,56,Urad
2025-01-05,67,Urad
2025-01-12,84,Urad
2025-01-19,59,Urad
2025-01-26,64,Urad
2025-02-02,60,Urad
2025-02-09,57,Urad
2025-02-16,63,Urad
2025-02-23,66,Urad
2025-03-02,70,Urad
2025-03-09,96,Urad
2025-03-16,74,Urad
2025-03-23,66,Urad
2025-03-30,58,Urad
2025-04-06,68,Urad
2025-04-13,55,Urad
2025-04-20,57,Urad
2025-04-27,56,Urad
2025-05-04,56,Urad
2025-05-11,57,Urad
2025-05-18,58,Urad
2025-05-25,63,Urad
2025-06-01,67,Urad
2025-06-08,66,Urad
2025-06-15,70,Urad
2025-06-22,69,Urad
2025-06-29,70,Urad
2025-07-06,69,Urad
2025-07-13,72,Urad
2025-07-20,65,Urad
2025-07-27,63,Urad
2025-08-03,65,Urad
2025-08-10,64,Urad
2025-08-17,72,Urad
2025-08-24,100,Urad
2025-08-31,79,Urad
2025-09-07,85,Urad
2025-09-14,68,Urad
2025-09-21,62,Urad
2025-09-28,63,Urad
2025-10-05,68,Urad
2025-10-12,63,Urad
2020-10-11,75,Wheat
2020-10-18,72,Wheat
2020-10-25,71,Wheat
2020-11-01,72,Wheat
2020-11-08,64,Wheat
2020-11-15,69,Wheat
2020-11-22,74,Wheat
2020-11-29,71,Wheat
2020-12-06,75,Wheat
2020-12-13,75,Wheat
2020-12-20,71,Wheat
2020-12-27,62,Wheat
2021-01-03,67,Wheat
2021-01-10,61,Wheat
2021-01-17,68,Wheat
2021-01-24,65,Wheat
2021-01-31,68,Wheat
2021-02-07,66,Wheat
2021-02-14,62,Wheat
2021-02-21,67,Wheat
2021-02-28,73,Wheat
2021-03-07,69,Wheat
2021-03-14,73,Wheat
2021-03-21,71,Wheat
2021-03-28,65,Wheat
2021-04-04,80,Wheat
2021-04-11,76,Wheat
2021-04-18,78,Wheat
2021-04-25,67,Wheat
2021-05-02,73,Wheat
2021-05-09,80,Wheat
2021-05-16,79,Wheat
2021-05-23,85,Wheat
2021-05-30,84,Wheat
2021-06-06,80,Wheat
2021-06-13,76,Wheat
2021-06-20,70,Wheat
2021-06-27,70,Wheat
2021-07-04,71,Wheat
2021-07-11,68,Wheat
2021-07-18,69,Wheat
2021-07-25,67,Wheat
2021-08-01,68,Wheat
2021-08-08,64,Wheat
2021-08-15,62,Wheat
2021-08-22,59,Wheat
2021-08-29,58,Wheat
2021-09-05,62,Wheat
2021-09-12,62,Wheat
2021-09-19,59,Wheat
2021-09-26,60,Wheat
2021-10-03,55,Wheat
2021-10-10,53,Wheat
2021-10-17,71,Wheat
2021-10-24,63,Wheat
2021-10-31,47,Wheat
2021-11-07,57,Wheat
2021-11-14,56,Wheat
2021-11-21,62,Wheat
2021-11-28,61,Wheat
2021-12-05,53,Wheat
2021-12-12,54,Wheat
2021-12-19,51,Wheat
2021-12-26,46,Wheat
2022-01-02,54,Wheat
2022-01-09,54,Wheat
2022-01-16,57,Wheat
2022-01-23,61,Wheat
2022-01-30,67,Wheat
2022-02-06,63,Wheat
2022-02-13,74,Wheat
2022-02-20,83,Wheat
2022-02-27,86,Wheat
2022-03-06,85,Wheat
2022-03-13,81,Wheat
2022-03-20,78,Wheat
2022-03-27,73,Wheat
2022-04-03,85,Wheat
2022-04-10,86,Wheat
2022-04-17,88,Wheat
2022-04-24,76,Wheat
2022-05-01,70,Wheat
2022-05-08,84,Wheat
2022-05-15,100,Wheat
2022-05-22,73,Wheat
2022-05-29,75,Wheat
2022-06-05,76,Wheat
2022-06-12,77,Wheat
2022-06-19,69,Wheat
2022-06-26,66,Wheat
2022-07-03,69,Wheat
2022-07-10,66,Wheat
2022-07-17,68,Wheat
2022-07-24,65,Wheat
2022-07-31,62,Wheat
2022-08-07,56,Wheat
2022-08-14,59,Wheat
2022-08-21,68,Wheat
2022-08-28,61,Wheat
2022-09-04,59,Wheat
2022-09-11,67,Wheat
2022-09-18,66,Wheat
2022-09-25,64,Wheat
2022-10-02,59,Wheat
2022-10-09,64,Wheat
2022-10-16,64,Wheat
2022-10-23,62,Wheat
2022-10-30,71,Wheat
2022-11-06,72,Wheat
2022-11-13,72,Wheat
2022-11-20,74,Wheat
2022-11-27,65,Wheat
2022-12-04,64,Wheat
2022-12-11,63,Wheat
2022-12-18,64,Wheat
2022-12-25,60,Wheat
2023-01-01,64,Wheat
2023-01-08,66,Wheat
2023-01-15,66,Wheat
2023-01-22,66,Wheat
2023-01-29,71,Wheat
2023-02-05,64,Wheat
2023-02-12,67,Wheat
2023-02-19,69,Wheat
2023-02-26,70,Wheat
2023-03-05,67,Wheat
2023-03-12,75,Wheat
2023-03-19,72,Wheat
2023-03-26,69,Wheat
2023-04-02,72,Wheat
2023-04-09,84,Wheat
2023-04-16,79,Wheat
2023-04-23,69,Wheat
2023-04-30,62,Wheat
2023-05-07,60,Wheat
2023-05-14,59,Wheat
2023-05-21,59,Wheat
2023-05-28,64,Wheat
2023-06-04,65,Wheat
2023-06-11,67,Wheat
2023-06-18,64,Wheat
2023-06-25,65,Wheat
2023-07-02,66,Wheat
2023-07-09,59,Wheat
2023-07-16,61,Wheat
2023-07-23,64,Wheat
2023-07-30,62,Wheat
2023-08-06,63,Wheat
2023-08-13,60,Wheat
2023-08-20,62,Wheat
2023-08-27,54,Wheat
2023-09-03,61,Wheat
2023-09-10,66,Wheat
2023-09-17,66,Wheat
2023-09-24,63,Wheat
2023-10-01,66,Wheat
2023-10-08,64,Wheat
2023-10-15,67,Wheat
2023-10-22,73,Wheat
2023-10-29,72,Wheat
2023-11-05,68,Wheat
2023-11-12,64,Wheat
2023-11-19,70,Wheat
2023-11-26,69,Wheat
2023-12-03,71,Wheat
2023-12-10,76,Wheat
2023-12-17,64,Wheat
2023-12-24,61,Wheat
2023-12-31,66,Wheat
2024-01-07,72,Wheat
2024-01-14,66,Wheat
2024-01-21,62,Wheat
2024-01-28,66,Wheat
2024-02-04,66,Wheat
2024-02-11,66,Wheat
2024-02-18,71,Wheat
2024-02-25,67,Wheat
2024-03-03,71,Wheat
2024-03-10,67,Wheat
2024-03-17,63,Wheat
2024-03-24,57,Wheat
2024-03-31,69,Wheat
2024-04-07,76,Wheat
2024-04-14,75,Wheat
2024-04-21,74,Wheat
2024-04-28,67,Wheat
2024-05-05,62,Wheat
2024-05-12,59,Wheat
2024-05-19,61,Wheat
2024-05-26,62,Wheat
2024-06-02,55,Wheat
2024-06-09,61,Wheat
2024-06-16,64,Wheat
2024-06-23,60,Wheat
2024-06-30,62,Wheat
2024-07-07,62,Wheat
2024-07-14,64,Wheat
2024-07-21,65,Wheat
2024-07-28,60,Wheat
2024-08-04,62,Wheat
2024-08-11,59,Wheat
2024-08-18,58,Wheat
2024-08-25,64,Wheat
2024-09-01,64,Wheat
2024-09-08,66,Wheat
2024-09-15,66,Wheat
2024-09-22,68,Wheat
2024-09-29,62,Wheat
2024-10-06,56,Wheat
2024-10-13,70,Wheat
2024-10-20,72,Wheat
2024-10-27,60,Wheat
2024-11-03,72,Wheat
2024-11-10,75,Wheat
2024-11-17,73,Wheat
2024-11-24,75,Wheat
2024-12-01,71,Wheat
2024-12-08,65,Wheat
2024-12-15,65,Wheat
2024-12-22,59,Wheat
2024-12-29,57,Wheat
2025-01-05,70,Wheat
2025-01-12,57,Wheat
2025-01-19,62,Wheat
2025-01-26,61,Wheat
2025-02-02,59,Wheat
2025-02-09,59,Wheat
2025-02-16,64,Wheat
2025-02-23,63,Wheat
2025-03-02,65,Wheat
2025-03-09,64,Wheat
2025-03-16,67,Wheat
2025-03-23,61,Wheat
2025-03-30,69,Wheat
2025-04-06,77,Wheat
2025-04-13,74,Wheat
2025-04-20,73,Wheat
2025-04-27,70,Wheat
2025-05-04,59,Wheat
2025-05-11,60,Wheat
2025-05-18,59,Wheat
2025-05-25,56,Wheat
2025-06-01,57,Wheat
2025-06-08,62,Wheat
2025-06-15,60,Wheat
2025-06-22,57,Wheat
2025-06-29,64,Wheat
2025-07-06,62,Wheat
2025-07-13,61,Wheat
2025-07-20,59,Wheat
2025-07-27,62,Wheat
2025-08-03,55,Wheat
2025-08-10,54,Wheat
2025-08-17,63,Wheat
2025-08-24,56,Wheat
2025-08-31,60,Wheat
2025-09-07,62,Wheat
2025-09-14,62,Wheat
2025-09-21,54,Wheat
2025-09-28,58,Wheat
2025-10-05,63,Wheat
2025-10-12,68,Wheat
